,DMU6 Index,SPU6 Index,ESU6 Index,NQU6 Index,RMU6 Index,RTAU6 Index,PTU6 Index,NKU6 Index,NHU6 Index,NIU6 Index,XPU6 Index,XPU6 Index,TWA Index,HIA Index,HUA Index,HCA Index,MHCA Index,VGA Index,Z A Index,GXA Index,CFA Index,STA Index,IBA Index,STA Index,QCA Index,SMU6 Index,BZQ6 Index,FFN6 Comdty,EDZ6 Comdty,TUU6 Comdty,FVU6 Comdty,TYU6 Comdty,UXYU6 Comdty,USU6 Comdty,WNU6 Comdty,BAZ6 Comdty,CNU6 Comdty,ERZ6 Comdty,DUU6 Comdty,OEU6 Comdty,RXU6 Comdty,UBU6 Comdty,L Z6 Comdty,G U6 Comdty,ESZ6 Comdty,OATU6 Comdty,IKU6 Comdty,IRZ6 Comdty,YMU6 Comdty,XMU6 Comdty,ZBZ6 Comdty,YEU6 Comdty,JBU6 Comdty,KEU6 Comdty,KAAU6 Comdty,ODF7 Comdty,DON6 Comdty,GMN6 Comdty,ECU6 COMB Curncy,JYU6 COMB Curncy,CDU6 COMB Curncy,BPU6 COMB Curncy,PEU6 COMB Curncy,SFU6 COMB Curncy,ADU6 COMB Curncy,DSN6 Curncy,GDV6 Curncy,UCQ6 Curncy,NVA Curncy,SEA Curncy,NOA Curncy,RAA Curncy,RYA Curncy,RPA Curncy,RFA Curncy,GC1 Comdty,HGQ6 Comdty,PAU6 Comdty,PLA Comdty,SIU6 Comdty,QSA Comdty,CLA Comdty,HOA Comdty,NGA Comdty,XBA Comdty,CKCA Comdty,JEA Comdty,KCU6 Comdty,AXU6 Comdty,C U6 Comdty,CTA Comdty,LHQ6 Comdty,LCQ6 Comdty,LBA Comdty,O Z6 Comdty,DAN6 Comdty,JOA Comdty,RSA Comdty,RRU6 Comdty,RTA Comdty,S A Comdty,SMA Comdty,BOA Comdty,SBA Comdty,W A Comdty
EXCH_NAME,Chicago Board of Trade,Chicago Mercantile Exchange,Chicago Mercantile Exchange,Chicago Mercantile Exchange,ICE Futures US Indices,ICE Futures US Indices,Montreal Exchange,Osaka Exchange,Chicago Mercantile Exchange,Singapore Exchange (was SIMEX),ASX Trade24,ASX Trade24,Singapore Exchange (was SIMEX),Hong Kong Futures Exchange,Hong Kong Futures Exchange,Hong Kong Futures Exchange,Hong Kong Futures Exchange,Eurex,ICE Futures Europe Financials,Eurex,Euronext Derivatives Paris,Borsa Italiana (IDEM),Meff Renta Variable (Madrid),Borsa Italiana (IDEM),OMX Nordic Exchange Stockholm,Mercado Mexicano de Derivados,Bolsa de Mercadorias e Futuros,Chicago Board of Trade,Chicago Mercantile Exchange,Chicago Board of Trade,Chicago Board of Trade,Chicago Board of Trade,Chicago Board of Trade,Chicago Board of Trade,Chicago Board of Trade,Montreal Exchange,Montreal Exchange,ICE Futures Europe Financials,Eurex,Eurex,Eurex,Eurex,ICE Futures Europe Financials,ICE Futures Europe Financials,ICE Futures Europe Financials,Eurex,Eurex,ASX Trade24,ASX Trade24,ASX Trade24,ASX Trade24,Tokyo Financial Exchange,Osaka Exchange,Korea Exchange,Korea Exchange,Bolsa de Mercadorias e Futuros,Mercado Mexicano de Derivados,Mercado Mexicano de Derivados,Chicago Mercantile Exchange,Chicago Mercantile Exchange,Chicago Mercantile Exchange,Chicago Mercantile Exchange,Chicago Mercantile Exchange,Chicago Mercantile Exchange,Chicago Mercantile Exchange,Mercado Mexicano de Derivados,Bolsa de Mercadorias e Futuros,Bolsa de Mercadorias e Futuros,Chicago Mercantile Exchange,Chicago Mercantile Exchange,Chicago Mercantile Exchange,Chicago Mercantile Exchange,Chicago Mercantile Exchange,Chicago Mercantile Exchange,Chicago Mercantile Exchange,"Commodity Exchange, Inc.","Commodity Exchange, Inc.",New York Mercantile Exchange,New York Mercantile Exchange,"Commodity Exchange, Inc.",ICE Futures Europe Commodities,New York Mercantile Exchange,New York Mercantile Exchange,New York Mercantile Exchange,New York Mercantile Exchange,Dalian Commodity Exchange,Tokyo Commodity Exchange,ICE Futures US Softs,Bolsa de Mercadorias e Futuros,Chicago Board of Trade,ICE Futures US Softs,Chicago Mercantile Exchange,Chicago Mercantile Exchange,Chicago Mercantile Exchange,Chicago Board of Trade,Chicago Mercantile Exchange,ICE Futures US Softs,ICE Futures Canada,Chicago Board of Trade,Shanghai Futures Exchange,Chicago Board of Trade,Chicago Board of Trade,Chicago Board of Trade,ICE Futures US Softs,Chicago Board of Trade
City,Chicago,Chicago,Chicago,Chicago,ICE Futures US Indices,ICE Futures US Indices,Montreal Exchange,Osaka Exchange,Chicago Mercantile Exchange,Singapore Exchange (was SIMEX),ASX Trade24,ASX Trade24,Singapore Exchange (was SIMEX),Hong Kong Futures Exchange,Hong Kong Futures Exchange,Hong Kong Futures Exchange,Hong Kong Futures Exchange,Eurex,ICE Futures Europe Financials,Eurex,Euronext Derivatives Paris,Borsa Italiana (IDEM),Meff Renta Variable (Madrid),Borsa Italiana (IDEM),OMX Nordic Exchange Stockholm,Mercado Mexicano de Derivados,Bolsa de Mercadorias e Futuros,Chicago Board of Trade,Chicago Mercantile Exchange,Chicago Board of Trade,Chicago Board of Trade,Chicago Board of Trade,Chicago Board of Trade,Chicago Board of Trade,Chicago Board of Trade,Montreal Exchange,Montreal Exchange,ICE Futures Europe Financials,Eurex,Eurex,Eurex,Eurex,ICE Futures Europe Financials,ICE Futures Europe Financials,ICE Futures Europe Financials,Eurex,Eurex,ASX Trade24,ASX Trade24,ASX Trade24,ASX Trade24,Tokyo Financial Exchange,Osaka Exchange,Korea Exchange,Korea Exchange,Bolsa de Mercadorias e Futuros,Mercado Mexicano de Derivados,Mercado Mexicano de Derivados,Chicago Mercantile Exchange,Chicago Mercantile Exchange,Chicago Mercantile Exchange,Chicago Mercantile Exchange,Chicago Mercantile Exchange,Chicago Mercantile Exchange,Chicago Mercantile Exchange,Mercado Mexicano de Derivados,Bolsa de Mercadorias e Futuros,Bolsa de Mercadorias e Futuros,Chicago Mercantile Exchange,Chicago Mercantile Exchange,Chicago Mercantile Exchange,Chicago Mercantile Exchange,Chicago Mercantile Exchange,Chicago Mercantile Exchange,Chicago Mercantile Exchange,"Commodity Exchange, Inc.","Commodity Exchange, Inc.",New York Mercantile Exchange,New York Mercantile Exchange,"Commodity Exchange, Inc.",ICE Futures Europe Commodities,New York Mercantile Exchange,New York Mercantile Exchange,New York Mercantile Exchange,New York Mercantile Exchange,Dalian Commodity Exchange,Tokyo Commodity Exchange,ICE Futures US Softs,Bolsa de Mercadorias e Futuros,Chicago Board of Trade,ICE Futures US Softs,Chicago Mercantile Exchange,Chicago Mercantile Exchange,Chicago Mercantile Exchange,Chicago Board of Trade,Chicago Mercantile Exchange,ICE Futures US Softs,ICE Futures Canada,Chicago Board of Trade,Shanghai Futures Exchange,Chicago Board of Trade,Chicago Board of Trade,Chicago Board of Trade,ICE Futures US Softs,Chicago Board of Trade
EXCH_CODE,CBT,CME,CME,CME,NYF,NYF,MSE,OSE,CME,SGX,SFE,SFE,SGX,HKG,HKG,HKG,HKG,EUX,ICF,EUX,EOP,MIL,MFM,MIL,SSE,MDX,BMF,CBT,CME,CBT,CBT,CBT,CBT,CBT,CBT,MSE,MSE,ICF,EUX,EUX,EUX,EUX,ICF,ICF,ICF,EUX,EUX,SFE,SFE,SFE,SFE,TFX,OSE,KFE,KFE,BMF,MDX,MDX,CME,CME,CME,CME,CME,CME,CME,MDX,BMF,BMF,CME,CME,CME,CME,CME,CME,CME,CMX,CMX,NYM,NYM,CMX,ICE,NYM,NYM,NYM,NYM,DCE,TCM,NYB,BMF,CBT,NYB,CME,CME,CME,CBT,CME,NYB,WCE,CBT,SHF,CBT,CBT,CBT,NYB,CBT
EXCH_FEED,XCBT,XCME,XCME,XCME,IFUS,IFUS,XMOD,XOSE,XCME,XSIM,XSFE,XSFE,XSIM,XHKF,XHKF,XHKF,XHKF,XEUR,IFLL,XEUR,XMON,XDMI,XMRV,XDMI,XSTO,XEMD,BVMF,XCBT,XCME,XCBT,XCBT,XCBT,XCBT,XCBT,XCBT,XMOD,XMOD,IFLL,XEUR,XEUR,XEUR,XEUR,IFLL,IFLL,IFLL,XEUR,XEUR,XSFE,XSFE,XSFE,XSFE,XTFF,XOSE,XKFE,XKFE,BVMF,XEMD,XEMD,XCME,XCME,XCME,XCME,XCME,XCME,XCME,XEMD,BVMF,BVMF,XCME,XCME,XCME,XCME,XCME,XCME,XCME,XCEC,XCEC,XNYM,XNYM,XCEC,IFEU,XNYM,XNYM,XNYM,XNYM,XDCE,XTKT,IFUS,BVMF,XCBT,IFUS,XCME,XCME,XCME,XCBT,XCME,IFUS,IFCA,XCBT,XSGE,XCBT,XCBT,XCBT,IFUS,XCBT
TIME_ZONE_NUM,-5,-5,-5,-5,-4,-4,-4,9,-6,8,10,10,8,8,8,8,8,2,1,2,2,2,2,2,2,-5,-3,-5,-5,-5,-5,-5,-5,-5,-5,-4,-4,1,2,2,2,2,1,1,1,2,2,10,10,10,12,9,9,9,9,-3,-5,-5,-5,-5,-5,-5,-5,-5,-5,-5,-3,-3,-5,-5,-5,-5,-5,-5,-5,-4,-4,-4,-4,-4,1,-4,-4,-4,-4,8,9,-5,-3,-5,-4,-5,-5,-5,-5,-5,-4,-5,-5,8,-5,-5,-5,-4,-5
TICKER,DMU6,SPU6,ESU6,NQU6,RMU6,RTAU6,PTU6,NKU6,NHU6,NIU6,XPU6,XPU6,TWN6,HIN6,HUN6,HCN6,MHCN6,VGU6,Z U6,GXU6,CFN6,STU6,IBN6,STU6,QCQ6,ISU6,BZQ6,FFN6,EDZ6,TUU6,FVU6,TYU6,UXYU6,USU6,WNU6,BAZ6,CNU6,ERZ6,DUU6,OEU6,RXU6,UBU6,L Z6,G U6,ESZ6,OATU6,IKU6,IRZ6,YMU6,XMU6,ZBZ6,YEU6,JBU6,KEU6,KAAU6,ODF7,DON6,GMN6,ECU6,JYU6,CDU6,BPU6,PEU6,SFU6,ADU6,DSN6,GDV6,UCQ6,NVU6,SEU6,NOU6,RAU6,RYU6,RPU6,RFU6,GC1,HGQ6,PAU6,PLV6,SIU6,QSQ6,CLQ6,HOQ6,NGQ6,XBQ6,CKCU6,JEZ6,KCU6,AXU6,C U6,CTZ6,LHQ6,LCQ6,LBU6,O Z6,DAN6,JOU6,RSX6,RRU6,RTU6,S X6,SMZ6,BOZ6,SBV6,W U6
NAME,DJIA MINI e-CBOT  Sep16,S&P 500 FUTURE    Sep16,S&P500 EMINI FUT  Sep16,NASDAQ 100 E-MINI Sep16,RUSSELL 1000 MINI Sep16,Russell 2000 Mini Sep16,S&P/TSX 60 IX FUT Sep16,NIKKEI 225  (OSE) Sep16,YEN DENOM NIKKEI  Sep16,NIKKEI 225  (SGX) Sep16,SPI 200 FUTURES   Sep16,SPI 200 FUTURES   Sep16,MSCI TAIWAN INDEX Jul16,HANG SENG IDX FUT Jul16,MINI HSI IDX FUT  Jul16,H-SHARES IDX FUT  Jul16,MINI H-SHR IDX FU Jul16,EURO STOXX 50     Sep16,FTSE 100 IDX FUT  Sep16,DAX INDEX FUTURE  Sep16,CAC40 10 EURO FUT Jul16,FTSE/MIB IDX FUT  Sep16,IBEX 35 INDX FUTR Jul16,FTSE/MIB IDX FUT  Sep16,OMXS30 IND FUTURE Aug16,MEX BOLSA IDX FUT Sep16,BOVESPA INDEX FUT Aug16,FED FUND 30DAY    Jul16,90DAY EURO$ FUTR  Dec16,US 2YR NOTE (CBT) Sep16,US 5YR NOTE (CBT) Sep16,US 10YR NOTE (CBT)Sep16,US 10yr Ultra Fut Sep16,US LONG BOND(CBT) Sep16,US ULTRA BOND CBT Sep16,BANK ACCEPT FUTR  Dec16,CAN 10YR BOND FUT Sep16,3MO EURO EURIBOR  Dec16,EURO-SCHATZ FUT   Sep16,EURO-BOBL FUTURE  Sep16,EURO-BUND FUTURE  Sep16,EURO BUXL 30Y BND Sep16,90DAY STERLING FU Dec16,LONG GILT FUTURE  Sep16,Euro CHF 3MO ICE  Dec16,Euro-OAT Future   Sep16,Euro-BTP Future   Sep16,90-DAY BANK BILL  Dec16,AUST 3YR BOND FUT Sep16,AUST 10Y BOND FUT Sep16,NEW ZEAL 3MO BILL Dec16,3MO EUROYEN TFX   Sep16,JPN 10Y BOND(OSE) Sep16,KOREA 3YR BND FUT Sep16,KOREA 10YR BND FU Sep16,ONE-DAY BANK DEP  Jan17,MEXICAN TIIE      Jul16,MEXICAN CETES     Jul16,EURO FX CURR FUT  Sep16,JPN YEN CURR FUT  Sep16,C$ CURRENCY FUT   Sep16,BP CURRENCY FUT   Sep16,MEXICAN PESO FUT  Sep16,CHF CURRENCY FUT  Sep16,AUDUSD Crncy Fut  Sep16,US DOLLAR FUT     Jul16,FRA CUPOM CAMBIAL Oct16,BMF US Dollar Fut Aug16,NEW ZEALAND $ FUT Sep16,SWEDISH KRONA FUT Sep16,NORWEGIAN KRONE   Sep16,SA RAND CURR(CME) Sep16,EURO/JPY FUTURE   Sep16,EURO/GBP FUTURE   Sep16,EURO/CHF FUTURE   Sep16,Generic 1st 'GC' Future,COPPER FUTURE     Aug16,PALLADIUM FUTURE  Sep16,PLATINUM FUTURE   Oct16,SILVER FUTURE     Sep16,Low Su Gasoil G   Aug16,WTI CRUDE FUTURE  Aug16,NY Harb ULSD Fut  Aug16,NATURAL GAS FUTR  Aug16,GASOLINE RBOB FUT Aug16,Coking Coal Futur Sep16,RED BEANS   (TCM) Dec16,COFFEE 'C' FUTURE Sep16,INT'L ARABICA COF Sep16,CORN FUTURE       Sep16,COTTON NO.2 FUTR  Dec16,LEAN HOGS FUTURE  Aug16,LIVE CATTLE FUTR  Aug16,LUMBER FUTURE     Sep16,OAT FUTURE        Dec16,MILK FUTURE       Jul16,FCOJ-A FUTURE     Sep16,CANOLA FUTR (WCE) Nov16,ROUGH RICE (CBOT) Sep16,RUBBER FUT (SHFE) Sep16,SOYBEAN FUTURE    Nov16,SOYBEAN MEAL FUTR Dec16,SOYBEAN OIL FUTR  Dec16,SUGAR #11 (WORLD) Oct16,WHEAT FUTURE(CBT) Sep16
ID_EXCH_SYMBOL,YM,SP,ES,NQ,RF,TF,SXF,NK225,NIY,NK,AP,AP,TW,HSI,MHI,HHI,MCH,FESX,Z,FDAX,FCE,FTMIB,FIE,FTMIB,OMXS30,IPC,IND,ZQ,GE,ZT,ZF,ZN,TN,ZB,UB,BAX,CGB,I,FGBS,FGBM,FGBL,FGBX,L,R,S,FOAT,FBTP,IR,YT,XT,BB,EY,JGBL,65,67,DI1,TE28,CE91,6E,6J,6C,6B,6M,6S,6A,DA18,FRC,DOL,6N,SEK,NOK,6Z,RY,RP,RF,GC,HG,PA,PL,SI,G,CL,HO,NG,RB,jm,204,KC,ICF,ZC,CT,HE,LE,LBS,ZO,DC,OJ,RS,ZR,ru,ZS,ZM,ZL,SB,ZW
ID_BB,DM,SP,ES,NQ,RMU6,RTA,PT,NKU6,NHU6,NIU6,XP,XP,TW,HI,HU,HC,MHC,VG,Z ,GX,CF,ST,IB,ST,QC,IS,BZ,FF,ED,TU,FV,TY,UXY,US,WN,BA,CN,ER,DU,OE,RX,UB,0L,G ,ES,OAT,IK,IR,YM,XM,ZB,YE,JB,KE,KAA,OD,DO,GM,EC,JY,CD,BP,PE,SF,AD,DS,GD,UC,NV,SE,NO,RA,RY,RP,RF,GC,HG,PA,PL,SI,QS,CL,HO,NG,XB,CKC,JE,KCU6,AX,C ,CT,LH,LC,LB,O ,DA,JO,RS,RR,RT,S ,SM,BO,SB,W 
ID_BB_PARSEKEY,DMmY Index,SPmY Index,ESmY Index,NQmY Index,RMmY Index,RTAmY Index,PTmY Index,NKmY Index,NIYmY Index,NHU6 Index,XPmY Index,XPmY Index,TWmY Index,HImY Index,HUmY Index,HCmY Index,MHCmY Index,VGmY Index,Z mY Index,GXmY Index,CFmY Index,STmY Index,IBmY Index,STmY Index,QCmY Index,ISmY Index,BZmY Index,FFmY Comdty,EDmY Comdty,TUmY Comdty,FVmY Comdty,TYmY Comdty,UXYmY Comdty,USmY Comdty,WNmY Comdty,BAmY Comdty,CNmY Comdty,ERmY Comdty,DUmY Comdty,OEmY Comdty,RXmY Comdty,UBmY Comdty,0LmY Comdty,G mY Comdty,ESmY Comdty,OATmY Comdty,IKmY Comdty,IRmY Comdty,YMmY Comdty,XMmY Comdty,ZBmY Comdty,YEmY Comdty,JBmY Comdty,KEmY Comdty,KAAmY Comdty,ODmY Comdty,DOmY Comdty,GMmY Comdty,ECmY Curncy,JYmY Curncy,CDmY Curncy,BPmY Curncy,PEmY Curncy,SFmY Curncy,ADmY Curncy,DSmY Curncy,GDmY Curncy,UCmY Curncy,NVmY Curncy,SEmY Curncy,NOmY Curncy,RAmY Curncy,RYmY Curncy,RPmY Curncy,RFmY Curncy,GCmY Comdty,HGmY Comdty,PAmY Comdty,PLmY Comdty,SImY Comdty,QSmY Comdty,CLmY Comdty,HOmY Comdty,NGmY Comdty,XBmY Comdty,CKCmY Comdty,JEmY Comdty,KCmY Index,AXmY Comdty,C mY Comdty,CTmY Comdty,LHmY Comdty,LCmY Comdty,LBmY Comdty,O mY Comdty,DAmY Comdty,JOmY Comdty,RSmY Comdty,RRmY Comdty,RTmY Comdty,S mY Comdty,SMmY Comdty,BOmY Comdty,SBmY Comdty,W mY Comdty
FEED_CODE,CBOT,CME,CME,CME,ICE US,ICE US,MONTREAL,JAPAN,CME,SIMEX,SYDNEY,SYDNEY,SIMEX,HONGKONG,HONGKONG,HONGKONG,HONGKONG,EUREX,ICE EUR,EUREX,LIFFE,Italy,MEFF,Italy,NORDIC,MEXICO,BMF,CBOT,CME,CBOT,CBOT,CBOT,CBOT,CBOT,CBOT,MONTREAL,MONTREAL,ICE EUR,EUREX,EUREX,EUREX,EUREX,ICE EUR,ICE EUR,ICE EUR,EUREX,EUREX,SYDNEY,SYDNEY,SYDNEY,NEW ZEAL,TIFFE,JAPAN,KFE,KFE,BMF,MEXICO,MEXICO,CME,CME,CME,CME,CME,CME,CME,MEXICO,BMF,BMF,CME,CME,CME,CME,CME,CME,CME,NYMEX,NYMEX,NYMEX,NYMEX,NYMEX,ICE EUR,NYMEX,NYMEX,NYMEX,NYMEX,DALIAN,TOKYO,ICE US,BMF,CBOT,ICE US,CME,CME,CME,CBOT,CME,ICE US,ICE CAN,CBOT,Shanghai,CBOT,CBOT,CBOT,ICE US,CBOT
FEED_SOURCE,eCBT,cCME,eCME,eCME,eNYB,eNYB,MSE,cJO,eCME,cSGX,cSFE,cSFE,cSGX,cHKG,cHKG,cHKG,cHKG,EUX,ICF,EUX,EOP1,IM,SM,IM,SS,MDX,BMF,cCBT,cCME,cCBT,cCBT,cCBT,cCBT,cCBT,cCBT,MSE,MSE,ICF,EUX,EUX,EUX,EUX,ICF,ICF,ICF,EUX,EUX,cSFE,cSFE,cSFE,cSFE,TFX,cJO,KFE,KFE,BMF,MDX,MDX,cCME,cCME,cCME,cCME,cCME,cCME,cCME,MDX,BMF,BMF,cCME,eCME,eCME,cCME,eCME,cCME,eCME,cCMX,cCMX,cNYM,cNYM,cCMX,ICE,cNYM,cNYM,cNYM,cNYM,cDCE,cTCM,eNYB,BMF,cCBT,eNYB,cCME,cCME,cCME,cCBT,cCME,eNYB,WCE,cCBT,cSHF,cCBT,cCBT,cCBT,eNYB,cCBT
TICKER_RT,DMU6,SPU6,ESU6,NQU6,RMU6,RTAU6,PTU6,#N/A Real Time,#N/A Real Time,#N/A Real Time,XPU6,XPU6,TWN6,HIN6,HUN6,HCN6,MHCN6,VGU6,Z U6,GXU6,CFN6,STU6,IBN6,STU6,QCQ6,ISU6,BZQ6,FFN6,EDZ6,TUU6,FVU6,TYU6,UXYU6,USU6,WNU6,BAZ6,CNU6,ERZ6,DUU6,OEU6,RXU6,UBU6,0LZ6,G U6,ESZ6,OATU6,IKU6,IRZ6,YMU6,XMU6,ZBZ6,YEU6,JBU6,KEU6,KAAU6,ODF7,DON6,GMN6,ECU6,JYU6,CDU6,BPU6,PEU6,SFU6,ADU6,DSN6,GDV6,UCQ6,NVU6,SEU6,NOU6,RAU6,RYU6,RPU6,RFU6,GCQ6,HGQ6,PAU6,PLV6,SIU6,QSQ6,CLQ6,HOQ6,NGQ6,XBQ6,CKCU6,JEZ6,#N/A Real Time,AXU6,C U6,CTZ6,LHQ6,LCQ6,LBU6,O Z6,DAN6,JOU6,RSX6,RRU6,RTU6,S X6,SMZ6,BOZ6,SBV6,W U6
FUT_GEN_MONTH,HMUZ,HMUZ,HMUZ,HMUZ,HMUZ,HMUZ,HMUZ,HMUZ,HMUZ,HMUZ,HMUZ,HMUZ,FGHJKMNQUVXZ,FGHJKMNQUVXZ,FGHJKMNQUVXZ,FGHJKMNQUVXZ,FGHJKMNQUVXZ,HMUZ,HMUZ,HMUZ,FGHJKMNQUVXZ,HMUZ,FGHJKMNQUVXZ,HMUZ,FGHJKMNQUVXZ,HMUZ,GJMQVZ,FGHJKMNQUVXZ,HMUZ,HMUZ,HMUZ,HMUZ,HMUZ,HMUZ,HMUZ,HMUZ,HMUZ,HMUZ,HMUZ,HMUZ,HMUZ,HMUZ,HMUZ,HMUZ,HMUZ,HMUZ,HMUZ,HMUZ,HMUZ,HMUZ,HMUZ,HMUZ,HMUZ,HMUZ,HMUZ,FGHJKMNQUVXZ,FGHJKMNQUVXZ,FGHJKMNQUVXZ,HMUZ,HMUZ,HMUZ,HMUZ,HMUZ,HMUZ,HMUZ,FGHJKMNQUVXZ,FGHJKMNQUVXZ,FGHJKMNQUVXZ,HMUZ,HMUZ,HMUZ,FGHJKMNQUVXZ,HMUZ,HMUZ,HMUZ,GJMQVZ,HKNUZ,HMUZ,FJNV,HKNUZ,FGHJKMNQUVXZ,FGHJKMNQUVXZ,FGHJKMNQUVXZ,FGHJKMNQUVXZ,FGHJKMNQUVXZ,FGHJKMNQUVXZ,FGHJKMNQUVXZ,HKNUZ,HKNUZ,HKNUZ,HKNVZ,GJKMNQVZ,GJMQVZ,FHKNUX,HKNUZ,FGHJKMNQUVXZ,FHKNUX,FHKNX,FHKNUX,FHJKMNQUVX,FHKNQUX,FHKNQUVZ,FHKNQUVZ,HKNV,HKNUZ
FUT_TRADING_UNITS,$ x index,$ x index,$ x index,index points,$ x index,$ x index,CAD x index,¥ x index,¥ x index,¥ x index,AUD x Index,AUD x Index,$ x index,HKD x index,HKD x index,HKD x index,HKD x index,EUR x index,£ x index,EUR x index,EUR x index,EUR x Index,EUR x index,EUR x Index,SEK x Index,S? x index,BRL x Index,$,$,$,$,$,USD,$,$,CAD,CAD,EUR,EUR,EUR,EUR,EUR,£,£,S?,EUR,EUR,AUD,AUD,AUD,NZD,¥,¥,KRW,KRW,BRL,MXN,MXN,EUR,JPY,CAD,GBP,MXN,CHF,AUD,$,$,USD,NZD,SEK,NOK,ZAR,EUR,EUR,EUR,troy oz.,lbs.,troy oz.,Troy Ounces,troy oz.,tonnes,Barrels,U.S. Gallons,MMBtu,U.S. Gallons,MetricTonnes,(30kg) bags,lbs.,60 kg. bags,Bushels,lbs.,lbs.,lbs.,board feet,bushels,pounds,lbs.,tonnes,CWT,MetricTonnes,bushels,short tons,lbs.,lbs.,Bushels
PX_SCALING_FACTOR,1,1,1,1,1,1,1,1,1,1,1,1,1,1,1,1,1,1,1,1,1,1,1,1,1,1,1,1,1,1,1,1,1,1,1,1,1,1,1,1,1,1,1,1,1,1,1,1,1,1,1,1,1,1,1,1,1,1,1,10000,100,100,100,100,100,1,1,1,100,100,100,100,1,1,1,1,100,1,1,1,1,1,100,1,100,1,1,1,1,1,1,1,1,1,1,1,1,1,1,1,1,1,1,1,1
FUT_CONT_SIZE,5,250,50,20,100,100,200,1000,500,500,25,25,100,50,10,50,10,10,10,25,10,5,10,5,100,10,1,5000000,1000000,200000,100000,100000,100000,100000,100000,1000000,100000,1000000,100000,100000,100000,100000,500000,100000,1000000,100000,100000,1000000,100000,100000,1000000,100000000,100000000,100000000,100000000,100000,100000,100000,125000,12500000,100000,62500,500000,125000,100000,10000,50000,50000,100000,2000000,2000000,500000,125000,125000,125000,100,25000,100,50,5000,100,1000,42000,10000,42000,60,80,37500,100,5000,50000,40000,40000,110000,5000,200000,15000,20,2000,10,5000,100,60000,112000,5000
FUT_TICK_SIZE,1,0.1,0.25,0.25,0.1,0.1,0.1,10,5,5,1,1,0.1,1,1,1,1,1,0.5,0.5,0.5,5,1,5,0.25,1,5,0.0025,0.005,0.0078125,0.0078125,0.015625,0.015625,0.03125,0.03125,0.005,0.01,0.005,0.005,0.01,0.01,0.02,0.01,0.01,0.01,0.01,0.01,0.01,0.01,0.005,0.01,0.005,0.01,0.01,0.01,0.005,0.01,0.01,0.00005,0.005,0.005,0.01,0.001,0.01,0.01,0.0001,0.01,0.5,0.01,0.001,0.001,0.0025,0.01,0.00005,0.0001,0.1,0.05,0.05,0.1,0.005,0.25,0.01,0.01,0.001,0.01,0.5,10,0.05,0.05,0.25,0.01,0.025,0.025,0.1,0.25,0.01,0.05,0.1,0.005,5,0.25,0.1,0.01,0.01,0.25
FUT_TICK_VAL,5,25,12.5,5,10,10,20,10000,2500,2500,25,25,10,50,10,50,10,10,5,12.5,5,25,10,25,25,10,5,10.4175,12.5,15.625,7.8125,15.625,15.625,31.25,31.25,12.5,10,12.5,5,10,10,20,12.5,10,25,10,10,24.44,31.46,54.2,24.4,1250,10000,10000,10000,1.90411735,10,2.48,6.25,6.25,5,6.25,5,12.5,10,1,0.5,25,10,20,20,12.5,1250,6.25,12.5,10,12.5,5,5,25,25,10,4.2,10,4.2,30,800,18.75,5,12.5,5,10,10,11,12.5,20,7.5,2,10,50,12.5,10,6,11.2,12.5
TRADING_DAY_START_TIME_EOD,23:00:00,23:00:00,23:00:00,23:00:00,01:00:00,01:00:00,11:00:00,#N/A N/A,23:00:00,#N/A N/A,08:00:00,08:00:00,07:20:00,10:00:00,10:00:00,10:00:00,10:00:00,07:00:00,01:00:00,07:00:00,07:00:00,08:00:00,08:00:00,08:00:00,08:00:00,07:00:00,12:55:00,23:00:00,23:00:00,23:00:00,23:00:00,23:00:00,23:00:00,23:00:00,23:00:00,11:00:00,11:00:00,01:00:00,07:00:00,07:00:00,07:00:00,07:00:00,07:30:00,08:00:00,07:30:00,07:00:00,07:00:00,07:58:00,08:00:00,08:02:00,06:01:00,00:30:00,07:30:00,00:00:00,00:00:00,13:00:00,14:00:00,14:00:00,23:00:00,23:00:00,23:00:00,23:00:00,23:00:00,23:00:00,23:00:00,14:00:00,13:00:00,12:55:00,23:00:00,23:00:00,23:00:00,23:00:00,23:00:00,23:00:00,23:00:00,23:00:00,23:00:00,23:00:00,23:00:00,23:00:00,01:00:00,23:00:00,23:00:00,23:00:00,23:00:00,14:00:00,08:30:00,#N/A N/A,19:25:00,01:00:00,02:00:00,14:30:00,14:30:00,23:00:00,01:00:00,23:00:00,13:00:00,01:00:00,01:00:00,14:00:00,01:00:00,01:00:00,01:00:00,08:30:00,01:00:00
TRADING_DAY_END_TIME_EOD,22:00:00,22:00:00,22:00:00,22:00:00,23:00:00,23:00:00,21:15:00,#N/A N/A,22:00:00,#N/A N/A,07:30:00,07:30:00,06:50:00,09:15:00,09:15:00,09:15:00,09:15:00,21:05:00,21:00:00,21:05:00,21:00:00,16:40:00,19:00:00,16:40:00,16:30:00,21:05:00,21:55:00,22:00:00,22:00:00,22:00:00,22:00:00,22:00:00,22:00:00,22:00:00,22:00:00,21:00:00,21:00:00,21:00:00,21:00:00,21:05:00,21:10:00,21:00:00,18:00:00,18:00:00,18:00:00,19:00:00,18:06:00,07:30:00,07:30:00,07:30:00,05:30:00,12:15:00,07:05:00,07:15:00,07:15:00,22:00:00,21:00:00,21:00:00,22:00:00,22:00:00,22:00:00,22:00:00,22:00:00,22:00:00,22:00:00,21:00:00,22:00:00,22:00:00,22:00:00,22:00:00,22:00:00,22:00:00,22:00:00,22:00:00,22:00:00,22:00:00,22:00:00,22:00:00,22:00:00,22:00:00,23:00:00,22:00:00,22:00:00,22:00:00,22:00:00,09:00:00,07:20:00,#N/A N/A,19:00:00,19:20:00,19:30:00,19:05:00,19:05:00,22:00:00,19:20:00,22:00:00,19:00:00,19:20:00,19:20:00,08:00:00,19:20:00,19:20:00,19:20:00,18:00:00,19:20:00
CRNCY,USD,USD,USD,USD,USD,USD,CAD,JPY,JPY,JPY,AUD,AUD,USD,HKD,HKD,HKD,HKD,EUR,GBP,EUR,EUR,EUR,EUR,EUR,SEK,CHF,BRL,USD,USD,USD,USD,USD,USD,USD,USD,CAD,CAD,EUR,EUR,EUR,EUR,EUR,GBP,GBP,CHF,EUR,EUR,AUD,AUD,AUD,NZD,JPY,JPY,KRW,KRW,BRL,MXN,MXN,USD,USD,USD,USD,USD,USD,USD,MXN,BRL,BRL,USD,USD,USD,USD,JPY,GBP,CHF,USD,USD,USD,USD,USD,USD,USD,USD,USD,USD,CNY,JPY,USD,USD,USD,USD,USD,USD,USD,USD,USD,USD,CAD,USD,CNY,USD,USD,USD,USD,USD
QUOTED_CRNCY,USD,USD,USD,USD,USD,USD,CAD,JPY,JPY,JPY,AUD,AUD,USD,HKD,HKD,HKD,HKD,EUR,GBP,EUR,EUR,EUR,EUR,EUR,SEK,CHF,BRL,USD,USD,USD,USD,USD,USD,USD,USD,CAD,CAD,EUR,EUR,EUR,EUR,EUR,GBP,GBP,CHF,EUR,EUR,AUD,AUD,AUD,NZD,JPY,JPY,KRW,KRW,BRL,MXN,MXN,USD,USd,USd,USd,USd,USd,USd,MXN,BRL,BRL,USd,USd,USd,USd,JPY,GBP,CHF,USD,USd,USD,USD,USD,USD,USD,USd,USD,USd,CNY,JPY,USd,USD,USd,USd,USd,USd,USD,USd,USD,USd,CAD,USD,CNY,USd,USD,USd,USd,USd
SES_START,23:00:00,23:00:00,23:00:00,23:00:00,01:00:00,01:00:00,11:00:00,#N/A Real Time,#N/A Real Time,#N/A Real Time,08:00:00,08:00:00,07:20:00,10:00:00,10:00:00,10:00:00,10:00:00,07:00:00,01:00:00,07:00:00,07:00:00,08:00:00,08:00:00,08:00:00,08:00:00,07:00:00,12:55:00,23:00:00,23:00:00,23:00:00,23:00:00,23:00:00,23:00:00,23:00:00,23:00:00,11:00:00,11:00:00,01:00:00,07:00:00,07:00:00,07:00:00,07:00:00,07:30:00,08:00:00,07:30:00,07:00:00,07:00:00,07:58:00,08:00:00,08:02:00,06:01:00,00:30:00,07:30:00,00:00:00,00:00:00,13:00:00,14:00:00,14:00:00,23:00:00,23:00:00,23:00:00,23:00:00,23:00:00,23:00:00,23:00:00,14:00:00,13:00:00,12:55:00,23:00:00,23:00:00,23:00:00,23:00:00,23:00:00,23:00:00,23:00:00,23:00:00,23:00:00,23:00:00,23:00:00,23:00:00,01:00:00,23:00:00,23:00:00,23:00:00,23:00:00,14:00:00,08:30:00,#N/A Real Time,19:25:00,01:00:00,02:00:00,14:30:00,14:30:00,23:00:00,01:00:00,23:00:00,13:00:00,01:00:00,01:00:00,14:00:00,01:00:00,01:00:00,01:00:00,08:30:00,01:00:00
SES_END,22:00:00,22:00:00,22:00:00,22:00:00,23:00:00,23:00:00,21:15:00,#N/A Real Time,#N/A Real Time,#N/A Real Time,07:30:00,07:30:00,06:50:00,09:15:00,09:15:00,09:15:00,09:15:00,21:05:00,21:00:00,21:05:00,21:00:00,16:40:00,19:00:00,16:40:00,16:30:00,21:05:00,21:55:00,22:00:00,22:00:00,22:00:00,22:00:00,22:00:00,22:00:00,22:00:00,22:00:00,21:00:00,21:00:00,21:00:00,21:00:00,21:05:00,21:10:00,21:00:00,18:00:00,18:00:00,18:00:00,19:00:00,18:06:00,07:30:00,07:30:00,07:30:00,05:30:00,12:15:00,07:05:00,07:15:00,07:15:00,22:00:00,21:00:00,21:00:00,22:00:00,22:00:00,22:00:00,22:00:00,22:00:00,22:00:00,22:00:00,21:00:00,22:00:00,22:00:00,22:00:00,22:00:00,22:00:00,22:00:00,22:00:00,22:00:00,22:00:00,22:00:00,22:00:00,22:00:00,22:00:00,22:00:00,23:00:00,22:00:00,22:00:00,22:00:00,22:00:00,09:00:00,07:20:00,#N/A Real Time,19:00:00,19:20:00,19:30:00,19:05:00,19:05:00,22:00:00,19:20:00,22:00:00,19:00:00,19:20:00,19:20:00,08:00:00,19:20:00,19:20:00,19:20:00,18:00:00,19:20:00
FUT_TRADING_HRS,23:00-22:00,23:00-22:00 & 14:30-21:15,23:00-22:00,23:00-22:00,01:00-23:00,01:00-23:00,11:00-21:15,07:30-20:30 & 23:45-06:15,23:00-22:00,06:55-20:45 & 23:30-06:30,08:10-22:00 & 00:50-07:30,08:10-22:00 & 00:50-07:30,07:35-19:00 & 01:45-06:50,10:00-16:45 & 02:15-09:15,10:00-16:45 & 02:15-09:15,10:00-16:45 & 02:15-09:15,10:00-16:45 & 02:15-09:15,06:50-21:00,01:00-21:00,06:50-21:00,07:00-21:00,08:00-16:50,08:00-19:00,08:00-16:50,08:00-16:25,06:50-21:00,13:00-21:55,23:00-22:00,23:00-22:00,23:00-22:00,23:00-22:00,23:00-22:00,23:00-22:00,23:00-22:00,23:00-22:00,11:00-21:00,11:00-21:00,01:00-21:00,07:00-21:00,07:00-21:00,07:00-21:00,07:00-21:00,07:30-18:00,08:00-18:00,07:30-18:00,07:00-18:00,07:00-18:00,08:08-22:00 & 23:28-07:30,08:10-22:00 & 23:30-07:30,08:12-22:00 & 23:32-07:30,06:40-20:00 & 21:30-05:30,00:45-03:30 & 04:30-12:00,07:30-21:30 & 00:45-07:02,01:00-07:15,01:00-07:15,13:00-20:00 & 20:50-22:00,13:30-20:00,13:30-20:00,23:00-22:00,23:00-22:00,23:00-22:00,23:00-22:00,23:00-22:00,23:00-22:00,23:00-22:00,13:30-20:00,13:00-20:00 & 21:15-22:00,13:00-22:00,23:00-22:00,23:00-22:00,23:00-22:00,23:00-22:00,23:00-22:00,23:00-22:00,23:00-22:00,23:00-22:00,23:00-22:00,23:00-22:00,23:00-22:00,23:00-22:00,01:00-23:00,23:00-22:00,23:00-22:00,23:00-22:00,23:00-22:00,14:00-16:30 & 02:00-08:00,08:30-20:00 & 01:00-07:15,09:15-18:30,19:30-22:00 & 13:00-19:00,01:00-19:20,02:00-19:20,14:30-19:05,14:30-19:05,15:00-22:00,01:00-19:20,23:00-22:00,13:00-19:00,01:00-19:20,01:00-19:20,14:00-16:00 & 02:00-08:00,01:00-19:20,01:00-19:20,01:00-19:20,08:30-18:00,01:00-19:20
SECURITY_TYP2,Future,Future,Future,Future,Future,Future,Future,Future,Future,Future,Future,Future,Future,Future,Future,Future,Future,Future,Future,Future,Future,Future,Future,Future,Future,Future,Future,Future,Future,Future,Future,Future,Future,Future,Future,Future,Future,Future,Future,Future,Future,Future,Future,Future,Future,Future,Future,Future,Future,Future,Future,Future,Future,Future,Future,Future,Future,Future,Future,Future,Future,Future,Future,Future,Future,Future,Future,Future,Future,Future,Future,Future,Future,Future,Future,Future,Future,Future,Future,Future,Future,Future,Future,Future,Future,Future,Future,Future,Future,Future,Future,Future,Future,Future,Future,Future,Future,Future,Future,Future,Future,Future,Future,Future,Future
SECURITY_TYP,Physical index future,Physical index future,Physical index future,Physical index future,Physical index future,Physical index future,Physical index future,Physical index future,Physical index future,Physical index future,Physical index future,Physical index future,Physical index future,Physical index future,Physical index future,Physical index future,Physical index future,Physical index future,Physical index future,Physical index future,Physical index future,Physical index future,Physical index future,Physical index future,Physical index future,Physical index future,Physical index future,Financial commodity future,Financial commodity future,Financial commodity future,Financial commodity future,Financial commodity future,Financial commodity future,Financial commodity future,Financial commodity future,Financial commodity future,Financial commodity future,Financial commodity future,Financial commodity future,Financial commodity future,Financial commodity future,Financial commodity future,Financial commodity future,Financial commodity future,Financial commodity future,Financial commodity future,Financial commodity future,Financial commodity future,Financial commodity future,Financial commodity future,Financial commodity future,Financial commodity future,Financial commodity future,Financial commodity future,Financial commodity future,Financial commodity future,Financial commodity future,Financial commodity future,Currency future,Currency future,Currency future,Currency future,Currency future,Currency future,Currency future,Currency future,Currency future,Currency future,Currency future,Currency future,Currency future,Currency future,Currency future,Currency future,Currency future,Financial commodity generic,Physical commodity future,Physical commodity future,Physical commodity future,Physical commodity future,Physical commodity future,Physical commodity future,Physical commodity future,Physical commodity future,Physical commodity future,Physical commodity future,Physical commodity future,Physical index future,Physical commodity future,Physical commodity future,Physical commodity future,Physical commodity future,Physical commodity future,Physical commodity future,Physical commodity future,Physical commodity future,Physical commodity future,Physical commodity future,Physical commodity future,Physical commodity future,Physical commodity future,Physical commodity future,Physical commodity future,Physical commodity future,Physical commodity future
FUTURES_CATEGORY,Equity Index,Equity Index,Equity Index,Equity Index,Equity Index,Equity Index,Equity Index,Equity Index,Equity Index,Equity Index,Equity Index,Equity Index,Equity Index,Equity Index,Equity Index,Equity Index,Equity Index,Equity Index,Equity Index,Equity Index,Equity Index,Equity Index,Equity Index,Equity Index,Equity Index,Equity Index,Equity Index,Interest Rate,Interest Rate,Bond,Bond,Bond,Bond,Bond,Bond,Interest Rate,Bond,Interest Rate,Bond,Bond,Bond,Bond,Interest Rate,Bond,Interest Rate,Bond,Bond,Interest Rate,Bond,Bond,Interest Rate,Interest Rate,Bond,Bond,Bond,Interest Rate,Interest Rate,Interest Rate,Currency,Currency,Currency,Currency,Currency,Currency,Currency,Currency,Interest Rate,Currency,Currency,Currency,Currency,Currency,Cross Currency,Cross Currency,Cross Currency,Precious Metal,Base Metal,Precious Metal,Precious Metal,Precious Metal,Refined Products,Crude Oil,Refined Products,Natural Gas,Refined Products,Coal,Foodstuff,Equity Index,Foodstuff,Corn,Fibers,Livestock,Livestock,Industrial Material,Other Grain,Foodstuff,Foodstuff,Other Grain,Other Grain,Industrial Material,Soy,Soy,Soy,Foodstuff,Wheat
ASSET_CLASS,EQ,EQ,EQ,EQ,EQ,EQ,EQ,EQ,EQ,EQ,EQ,EQ,EQ,EQ,EQ,EQ,EQ,EQ,EQ,EQ,EQ,EQ,EQ,EQ,EQ,EQ,EQ,IR,IR,IR,IR,IR,IR,IR,IR,IR,IR,IR,IR,IR,IR,IR,IR,IR,IR,IR,IR,IR,IR,IR,IR,IR,IR,IR,IR,IR,IR,IR,CU,CU,CU,CU,CU,CU,CU,CU,CU,CU,CU,CU,CU,CU,CU,CU,CU,CO,CO,CO,CO,CO,CO,CO,CO,CO,CO,CO,CO,CO,CO,CO,CO,CO,CO,CO,CO,CO,CO,CO,CO,CO,CO,CO,CO,CO,CO
PRODUCT,FUTURE,FUTURE,FUTURE,FUTURE,FUTURE,FUTURE,FUTURE,FUTURE,FUTURE,FUTURE,FUTURE,FUTURE,FUTURE,FUTURE,FUTURE,FUTURE,FUTURE,FUTURE,FUTURE,FUTURE,FUTURE,FUTURE,FUTURE,FUTURE,FUTURE,FUTURE,FUTURE,FUTURE,FUTURE,FUTURE,FUTURE,FUTURE,FUTURE,FUTURE,FUTURE,FUTURE,FUTURE,FUTURE,FUTURE,FUTURE,FUTURE,FUTURE,FUTURE,FUTURE,FUTURE,FUTURE,FUTURE,FUTURE,FUTURE,FUTURE,FUTURE,FUTURE,FUTURE,FUTURE,FUTURE,FUTURE,FUTURE,FUTURE,FUTURE,FUTURE,FUTURE,FUTURE,FUTURE,FUTURE,FUTURE,FUTURE,FUTURE,FUTURE,FUTURE,FUTURE,FUTURE,FUTURE,FUTURE,FUTURE,FUTURE,FUTURE,FUTURE,FUTURE,FUTURE,FUTURE,FUTURE,FUTURE,FUTURE,FUTURE,FUTURE,FUTURE,FUTURE,FUTURE,FUTURE,FUTURE,FUTURE,FUTURE,FUTURE,FUTURE,FUTURE,FUTURE,FUTURE,FUTURE,FUTURE,FUTURE,FUTURE,FUTURE,FUTURE,FUTURE,FUTURE
EXPOSURE,DERIVATIVE,DERIVATIVE,DERIVATIVE,DERIVATIVE,DERIVATIVE,DERIVATIVE,DERIVATIVE,DERIVATIVE,DERIVATIVE,DERIVATIVE,DERIVATIVE,DERIVATIVE,DERIVATIVE,DERIVATIVE,DERIVATIVE,DERIVATIVE,DERIVATIVE,DERIVATIVE,DERIVATIVE,DERIVATIVE,DERIVATIVE,DERIVATIVE,DERIVATIVE,DERIVATIVE,DERIVATIVE,DERIVATIVE,DERIVATIVE,DERIVATIVE,DERIVATIVE,DERIVATIVE,DERIVATIVE,DERIVATIVE,DERIVATIVE,DERIVATIVE,DERIVATIVE,DERIVATIVE,DERIVATIVE,DERIVATIVE,DERIVATIVE,DERIVATIVE,DERIVATIVE,DERIVATIVE,DERIVATIVE,DERIVATIVE,DERIVATIVE,DERIVATIVE,DERIVATIVE,DERIVATIVE,DERIVATIVE,DERIVATIVE,DERIVATIVE,DERIVATIVE,DERIVATIVE,DERIVATIVE,DERIVATIVE,DERIVATIVE,DERIVATIVE,DERIVATIVE,DERIVATIVE,DERIVATIVE,DERIVATIVE,DERIVATIVE,DERIVATIVE,DERIVATIVE,DERIVATIVE,DERIVATIVE,DERIVATIVE,DERIVATIVE,DERIVATIVE,DERIVATIVE,DERIVATIVE,DERIVATIVE,DERIVATIVE,DERIVATIVE,DERIVATIVE,DERIVATIVE,DERIVATIVE,DERIVATIVE,DERIVATIVE,DERIVATIVE,DERIVATIVE,DERIVATIVE,DERIVATIVE,DERIVATIVE,DERIVATIVE,DERIVATIVE,DERIVATIVE,DERIVATIVE,DERIVATIVE,DERIVATIVE,DERIVATIVE,DERIVATIVE,DERIVATIVE,DERIVATIVE,DERIVATIVE,DERIVATIVE,DERIVATIVE,DERIVATIVE,DERIVATIVE,DERIVATIVE,DERIVATIVE,DERIVATIVE,DERIVATIVE,DERIVATIVE,DERIVATIVE
TRADE,TRUE,TRUE,TRUE,TRUE,FALSE,TRUE,TRUE,FALSE,TRUE,FALSE,TRUE,TRUE,TRUE,TRUE,FALSE,TRUE,FALSE,TRUE,TRUE,TRUE,TRUE,FALSE,TRUE,FALSE,FALSE,FALSE,FALSE,TRUE,TRUE,TRUE,TRUE,TRUE,TRUE,TRUE,TRUE,TRUE,TRUE,TRUE,TRUE,TRUE,TRUE,TRUE,TRUE,TRUE,TRUE,TRUE,TRUE,TRUE,TRUE,TRUE,TRUE,TRUE,TRUE,TRUE,TRUE,TRUE,TRUE,TRUE,TRUE,TRUE,TRUE,TRUE,TRUE,TRUE,TRUE,TRUE,TRUE,TRUE,TRUE,TRUE,TRUE,TRUE,TRUE,TRUE,TRUE,TRUE,TRUE,TRUE,TRUE,TRUE,TRUE,TRUE,TRUE,TRUE,TRUE,TRUE,TRUE,TRUE,TRUE,TRUE,TRUE,TRUE,TRUE,TRUE,TRUE,TRUE,TRUE,TRUE,TRUE,TRUE,TRUE,TRUE,TRUE,TRUE,TRUE
INDEX,FALSE,TRUE,FALSE,TRUE,FALSE,FALSE,TRUE,FALSE,FALSE,TRUE,TRUE,TRUE,TRUE,TRUE,FALSE,TRUE,FALSE,TRUE,TRUE,TRUE,TRUE,FALSE,TRUE,FALSE,FALSE,FALSE,FALSE,FALSE,FALSE,TRUE,TRUE,TRUE,FALSE,FALSE,FALSE,TRUE,TRUE,TRUE,TRUE,TRUE,TRUE,FALSE,TRUE,TRUE,TRUE,FALSE,FALSE,TRUE,TRUE,TRUE,FALSE,FALSE,TRUE,FALSE,FALSE,FALSE,FALSE,FALSE,TRUE,TRUE,TRUE,TRUE,FALSE,TRUE,TRUE,FALSE,FALSE,FALSE,TRUE,TRUE,TRUE,TRUE,TRUE,TRUE,TRUE,TRUE,TRUE,TRUE,TRUE,TRUE,TRUE,TRUE,TRUE,TRUE,TRUE,FALSE,TRUE,TRUE,TRUE,TRUE,TRUE,TRUE,TRUE,TRUE,TRUE,FALSE,TRUE,TRUE,TRUE,TRUE,TRUE,TRUE,FALSE,FALSE,TRUE
ID_RIC,YM,SP,ES,NQ,RMF,TFS,SXF,JNI,NK,SSI,AP,AP,TW,HSI,MHI,HHI,MCH,.STOXX50,Z,FDX,FCE,IFS,MFXI,FSMI,OMXS30,IPC,IND,ZQ,GE,ZT,ZF,ZN,TN,ZB,UB,BAX,CGB,I,FGBS,FGBM,FGBL,FGBX,L,R,S,FOAT,FBTP,IR,YT,XT,BB,EY,JGBL,65,67,DI1,TE28,CE91,6E,6J,6C,6B,6M,6S,6A,DA18,FRC,DOL,6N,SEK,NOK,6Z,RY,RP,RF,GC,HG,PA,PL,SI,G,CL,HO,NG,RB,jm,JRB,ICF,ACF,ZC,CT,HE,LE,LBS,ZO,DC,OJ,RS,ZR,ru,ZS,ZM,ZL,SB,ZW
CODE,YMc1,SPc1,ESc1,NQc1,RMFc1,TFSc1,SXFc1,JNIc1,NKc1,SSIc1,APc1,APc1,TWc1,HSIc1,MHIc1,HHIc1,MCHc1,.STOXX50c1,Zc1,FDXc1,FCEc1,IFSc1,MFXIc1,FSMIc1,OMXS30c1,IPCc1,INDc1,ZQc1,GEc1,ZTc1,ZFc1,ZNc1,TNc1,ZBc1,UBc1,BAXc1,CGBc1,Ic1,FGBSc1,FGBMc1,FGBLc1,FGBXc1,Lc1,Rc1,Sc1,FOATc1,FBTPc1,IRc1,YTc1,XTc1,BBc1,EYc1,JGBLc1,65c1,67c1,DI1c1,TE28c1,CE91c1,6Ec1,6Jc1,6Cc1,6Bc1,6Mc1,6Sc1,6Ac1,DA18c1,FRCc1,DOLc1,6Nc1,SEKc1,NOKc1,6Zc1,RYc1,RPc1,RFc1,GCc1,HGc1,PAc1,PLc1,SIc1,Gc1,CLc1,HOc1,NGc1,RBc1,jmc1,JRBc1,ICFc1,ACFc1,ZCc1,CTc1,HEc1,LEc1,LBSc1,ZOc1,DCc1,OJc1,RSc1,ZRc1,ruc1,ZSc1,ZMc1,ZLc1,SBc1,ZWc1
DISPLAY_NAME,DJ MINI($5) MAR7,SP500 IDX MAR7,EMINI S&P MAR7,NAS EMIN MAR7,ICE Mi R1K MAR7,MiRU2K MAR7,#N/A Access Denied: User req to IDN for Exch - MON,#N/A Access Denied: User req to IDN for Exch - OSA,NIK STK AV MAR7,#N/A Access Denied: User req to IDN for Exch - SIM,#N/A The record could not be found,#N/A The record could not be found,#N/A The record could not be found,#N/A Access Denied: User req to IDN for Exch - HFE,#N/A The record could not be found,#N/A The record could not be found,#N/A The record could not be found,#N/A The record could not be found,#N/A The record could not be found,DAX INDEX MAR7,#N/A Access Denied: User req to IDN for Exch - EUE,#N/A Access Denied: User req to IDN for Exch - IT2,#N/A Access Denied: User req to IDN for Exch - MRV,SMI INDEX MAR7,#N/A Access Denied: User req to IDN for Exch - OMXD,#N/A Access Denied: User req to IDN for Exch - MDE,#N/A Access Denied: User req to IDN for Exch - BMF,#N/A The record could not be found,#N/A The record could not be found,#N/A The record could not be found,#N/A The record could not be found,#N/A The record could not be found,10 YR UL TN MAR7,#N/A The record could not be found,#N/A Access Denied: User req to IDN for Exch - NYM,#N/A Access Denied: User req to IDN for Exch - MON,#N/A Access Denied: User req to IDN for Exch - MON,#N/A The record could not be found,SCHATZ 6% MAR7,BOBL FUT 6% MAR7,BUND FUT 6% MAR7,EUR BUXL 4% MAR7,#N/A The record could not be found,#N/A The record could not be found,SOYBEANS MAR7,FOAT MAR7,BTP 6% MAR7,#N/A The record could not be found,#N/A Access Denied: User req to IDN for Exch - NYM,#N/A The record could not be found,#N/A The record could not be found,#N/A The record could not be found,#N/A Access Denied: User req to IDN for Exch - OSA,#N/A The record could not be found,#N/A The record could not be found,#N/A The record could not be found,#N/A The record could not be found,#N/A The record could not be found,#N/A The record could not be found,#N/A The record could not be found,CORN MAR7       ,#N/A The record could not be found,#N/A The record could not be found,SOYBEANS MAR7   ,#N/A The record could not be found,#N/A The record could not be found,#N/A Access Denied: User req to IDN for Exch - BMF,#N/A Access Denied: User req to IDN for Exch - BMF,#N/A The record could not be found,#N/A The record could not be found,#N/A Access Denied: User req to IDN for Exch - NYM,#N/A The record could not be found,EURO FX/JY MR17,EURO FX/BP MR17,EURO FX/SF MR17,#N/A Access Denied: User req to IDN for Exch - COM,#N/A Access Denied: User req to IDN for Exch - COM,#N/A Access Denied: User req to IDN for Exch - NYM,#N/A Access Denied: User req to IDN for Exch - NYM,#N/A Access Denied: User req to IDN for Exch - COM,SHORT GILT MAR7,#N/A Access Denied: User req to IDN for Exch - NYM,#N/A Access Denied: User req to IDN for Exch - NYM,#N/A Access Denied: User req to IDN for Exch - NYM,#N/A Access Denied: User req to IDN for Exch - NYM,#N/A The record could not be found,#N/A Access Denied: User req to IDN for Exch - TCE,#N/A Access Denied: User req to IDN for Exch - BMF,JFX ACF MAR7    ,#N/A The record could not be found,ICE COT 2 MAR7,#N/A The record could not be found,#N/A The record could not be found,#N/A The record could not be found,#N/A The record could not be found,#N/A The record could not be found,ICE FCOJ-A MAR7,#N/A Access Denied: User req to IDN for Exch - WPG,ICE $-SR MAR7,#N/A The record could not be found,#N/A The record could not be found,#N/A The record could not be found,#N/A The record could not be found,ICE SUG11 MAR7,#N/A The record could not be found
EXCH_ID,CBT,IOM,IOM,IOM,   ,   ,#N/A Access Denied: User req to IDN for Exch - MON,#N/A Access Denied: User req to IDN for Exch - OSA,IOM,#N/A Access Denied: User req to IDN for Exch - SIM,#N/A The record could not be found,#N/A The record could not be found,#N/A The record could not be found,#N/A Access Denied: User req to IDN for Exch - HFE,#N/A The record could not be found,#N/A The record could not be found,#N/A The record could not be found,#N/A The record could not be found,#N/A The record could not be found,DTB,#N/A Access Denied: User req to IDN for Exch - EUE,#N/A Access Denied: User req to IDN for Exch - IT2,#N/A Access Denied: User req to IDN for Exch - MRV,SFF,#N/A Access Denied: User req to IDN for Exch - OMXD,#N/A Access Denied: User req to IDN for Exch - MDE,#N/A Access Denied: User req to IDN for Exch - BMF,#N/A The record could not be found,#N/A The record could not be found,#N/A The record could not be found,#N/A The record could not be found,#N/A The record could not be found,CBT,#N/A The record could not be found,#N/A Access Denied: User req to IDN for Exch - NYM,#N/A Access Denied: User req to IDN for Exch - MON,#N/A Access Denied: User req to IDN for Exch - MON,#N/A The record could not be found,DTB,DTB,DTB,DTB,#N/A The record could not be found,#N/A The record could not be found,CBT,DTB,DTB,#N/A The record could not be found,#N/A Access Denied: User req to IDN for Exch - NYM,#N/A The record could not be found,#N/A The record could not be found,#N/A The record could not be found,#N/A Access Denied: User req to IDN for Exch - OSA,#N/A The record could not be found,#N/A The record could not be found,#N/A The record could not be found,#N/A The record could not be found,#N/A The record could not be found,#N/A The record could not be found,#N/A The record could not be found,CBT,#N/A The record could not be found,#N/A The record could not be found,CBT,#N/A The record could not be found,#N/A The record could not be found,#N/A Access Denied: User req to IDN for Exch - BMF,#N/A Access Denied: User req to IDN for Exch - BMF,#N/A The record could not be found,#N/A The record could not be found,#N/A Access Denied: User req to IDN for Exch - NYM,#N/A The record could not be found,IMM,IMM,IMM,#N/A Access Denied: User req to IDN for Exch - COM,#N/A Access Denied: User req to IDN for Exch - COM,#N/A Access Denied: User req to IDN for Exch - NYM,#N/A Access Denied: User req to IDN for Exch - NYM,#N/A Access Denied: User req to IDN for Exch - COM,LIF,#N/A Access Denied: User req to IDN for Exch - NYM,#N/A Access Denied: User req to IDN for Exch - NYM,#N/A Access Denied: User req to IDN for Exch - NYM,#N/A Access Denied: User req to IDN for Exch - NYM,#N/A The record could not be found,#N/A Access Denied: User req to IDN for Exch - TCE,#N/A Access Denied: User req to IDN for Exch - BMF,   ,#N/A The record could not be found,   ,#N/A The record could not be found,#N/A The record could not be found,#N/A The record could not be found,#N/A The record could not be found,#N/A The record could not be found,   ,#N/A Access Denied: User req to IDN for Exch - WPG,NYF,#N/A The record could not be found,#N/A The record could not be found,#N/A The record could not be found,#N/A The record could not be found,   ,#N/A The record could not be found
TRD_UNITS,INT ,1DP ,INT ,2DP ,2DP ,2DP ,#N/A Access Denied: User req to IDN for Exch - MON,#N/A Access Denied: User req to IDN for Exch - OSA,INT ,#N/A Access Denied: User req to IDN for Exch - SIM,#N/A The record could not be found,#N/A The record could not be found,#N/A The record could not be found,#N/A Access Denied: User req to IDN for Exch - HFE,#N/A The record could not be found,#N/A The record could not be found,#N/A The record could not be found,#N/A The record could not be found,#N/A The record could not be found,1DP ,#N/A Access Denied: User req to IDN for Exch - EUE,#N/A Access Denied: User req to IDN for Exch - IT2,#N/A Access Denied: User req to IDN for Exch - MRV,1DP ,#N/A Access Denied: User req to IDN for Exch - OMXD,#N/A Access Denied: User req to IDN for Exch - MDE,#N/A Access Denied: User req to IDN for Exch - BMF,#N/A The record could not be found,#N/A The record could not be found,#N/A The record could not be found,#N/A The record could not be found,#N/A The record could not be found,/256,#N/A The record could not be found,#N/A Access Denied: User req to IDN for Exch - NYM,#N/A Access Denied: User req to IDN for Exch - MON,#N/A Access Denied: User req to IDN for Exch - MON,#N/A The record could not be found,3DP ,3DP ,2DP ,2DP ,#N/A The record could not be found,#N/A The record could not be found,1/8 ,2DP ,2DP ,#N/A The record could not be found,#N/A Access Denied: User req to IDN for Exch - NYM,#N/A The record could not be found,#N/A The record could not be found,#N/A The record could not be found,#N/A Access Denied: User req to IDN for Exch - OSA,#N/A The record could not be found,#N/A The record could not be found,#N/A The record could not be found,#N/A The record could not be found,#N/A The record could not be found,#N/A The record could not be found,#N/A The record could not be found,1/8 ,#N/A The record could not be found,#N/A The record could not be found,1/8 ,#N/A The record could not be found,#N/A The record could not be found,#N/A Access Denied: User req to IDN for Exch - BMF,#N/A Access Denied: User req to IDN for Exch - BMF,#N/A The record could not be found,#N/A The record could not be found,#N/A Access Denied: User req to IDN for Exch - NYM,#N/A The record could not be found,2DP ,3DP ,4DP ,#N/A Access Denied: User req to IDN for Exch - COM,#N/A Access Denied: User req to IDN for Exch - COM,#N/A Access Denied: User req to IDN for Exch - NYM,#N/A Access Denied: User req to IDN for Exch - NYM,#N/A Access Denied: User req to IDN for Exch - COM,2DP ,#N/A Access Denied: User req to IDN for Exch - NYM,#N/A Access Denied: User req to IDN for Exch - NYM,#N/A Access Denied: User req to IDN for Exch - NYM,#N/A Access Denied: User req to IDN for Exch - NYM,#N/A The record could not be found,#N/A Access Denied: User req to IDN for Exch - TCE,#N/A Access Denied: User req to IDN for Exch - BMF,INT ,#N/A The record could not be found,2DP ,#N/A The record could not be found,#N/A The record could not be found,#N/A The record could not be found,#N/A The record could not be found,#N/A The record could not be found,2DP ,#N/A Access Denied: User req to IDN for Exch - WPG,5DP ,#N/A The record could not be found,#N/A The record could not be found,#N/A The record could not be found,#N/A The record could not be found,2DP ,#N/A The record could not be found
LOTSUNITS,INDEX,INDEX,INDEX,INDEX,INDEX,INDEX,#N/A Access Denied: User req to IDN for Exch - MON,#N/A Access Denied: User req to IDN for Exch - OSA,INDEX,#N/A Access Denied: User req to IDN for Exch - SIM,#N/A The record could not be found,#N/A The record could not be found,#N/A The record could not be found,#N/A Access Denied: User req to IDN for Exch - HFE,#N/A The record could not be found,#N/A The record could not be found,#N/A The record could not be found,#N/A The record could not be found,#N/A The record could not be found,UNITS,#N/A Access Denied: User req to IDN for Exch - EUE,#N/A Access Denied: User req to IDN for Exch - IT2,#N/A Access Denied: User req to IDN for Exch - MRV,UNITS,#N/A Access Denied: User req to IDN for Exch - OMXD,#N/A Access Denied: User req to IDN for Exch - MDE,#N/A Access Denied: User req to IDN for Exch - BMF,#N/A The record could not be found,#N/A The record could not be found,#N/A The record could not be found,#N/A The record could not be found,#N/A The record could not be found, USD ,#N/A The record could not be found,#N/A Access Denied: User req to IDN for Exch - NYM,#N/A Access Denied: User req to IDN for Exch - MON,#N/A Access Denied: User req to IDN for Exch - MON,#N/A The record could not be found, EUR , EUR , EUR , EUR ,#N/A The record could not be found,#N/A The record could not be found, BSH , EUR , EUR ,#N/A The record could not be found,#N/A Access Denied: User req to IDN for Exch - NYM,#N/A The record could not be found,#N/A The record could not be found,#N/A The record could not be found,#N/A Access Denied: User req to IDN for Exch - OSA,#N/A The record could not be found,#N/A The record could not be found,#N/A The record could not be found,#N/A The record could not be found,#N/A The record could not be found,#N/A The record could not be found,#N/A The record could not be found, BSH ,#N/A The record could not be found,#N/A The record could not be found, BSH ,#N/A The record could not be found,#N/A The record could not be found,#N/A Access Denied: User req to IDN for Exch - BMF,#N/A Access Denied: User req to IDN for Exch - BMF,#N/A The record could not be found,#N/A The record could not be found,#N/A Access Denied: User req to IDN for Exch - NYM,#N/A The record could not be found,K EUR,K EUR,K EUR,#N/A Access Denied: User req to IDN for Exch - COM,#N/A Access Denied: User req to IDN for Exch - COM,#N/A Access Denied: User req to IDN for Exch - NYM,#N/A Access Denied: User req to IDN for Exch - NYM,#N/A Access Denied: User req to IDN for Exch - COM, GBP ,#N/A Access Denied: User req to IDN for Exch - NYM,#N/A Access Denied: User req to IDN for Exch - NYM,#N/A Access Denied: User req to IDN for Exch - NYM,#N/A Access Denied: User req to IDN for Exch - NYM,#N/A The record could not be found,#N/A Access Denied: User req to IDN for Exch - TCE,#N/A Access Denied: User req to IDN for Exch - BMF, KG  ,#N/A The record could not be found, LBS ,#N/A The record could not be found,#N/A The record could not be found,#N/A The record could not be found,#N/A The record could not be found,#N/A The record could not be found, LBS ,#N/A Access Denied: User req to IDN for Exch - WPG, USD ,#N/A The record could not be found,#N/A The record could not be found,#N/A The record could not be found,#N/A The record could not be found, LBS ,#N/A The record could not be found
OPEN_INT,132345,63638,2793940,224333,7843,642080,#N/A Access Denied: User req to IDN for Exch - MON,#N/A Access Denied: User req to IDN for Exch - OSA,28364,#N/A Access Denied: User req to IDN for Exch - SIM,#N/A The record could not be found,#N/A The record could not be found,#N/A The record could not be found,#N/A Access Denied: User req to IDN for Exch - HFE,#N/A The record could not be found,#N/A The record could not be found,#N/A The record could not be found,#N/A The record could not be found,#N/A The record could not be found,139933,#N/A Access Denied: User req to IDN for Exch - EUE,#N/A Access Denied: User req to IDN for Exch - IT2,#N/A Access Denied: User req to IDN for Exch - MRV,230703,#N/A Access Denied: User req to IDN for Exch - OMXD,#N/A Access Denied: User req to IDN for Exch - MDE,#N/A Access Denied: User req to IDN for Exch - BMF,#N/A The record could not be found,#N/A The record could not be found,#N/A The record could not be found,#N/A The record could not be found,#N/A The record could not be found,307520,#N/A The record could not be found,#N/A Access Denied: User req to IDN for Exch - NYM,#N/A Access Denied: User req to IDN for Exch - MON,#N/A Access Denied: User req to IDN for Exch - MON,#N/A The record could not be found,1240417,1285547,1728202,200136,#N/A The record could not be found,#N/A The record could not be found,354930,518567,345967,#N/A The record could not be found,#N/A Access Denied: User req to IDN for Exch - NYM,#N/A The record could not be found,#N/A The record could not be found,#N/A The record could not be found,#N/A Access Denied: User req to IDN for Exch - OSA,#N/A The record could not be found,#N/A The record could not be found,#N/A The record could not be found,#N/A The record could not be found,#N/A The record could not be found,#N/A The record could not be found,#N/A The record could not be found,637030,#N/A The record could not be found,#N/A The record could not be found,354930,#N/A The record could not be found,#N/A The record could not be found,#N/A Access Denied: User req to IDN for Exch - BMF,#N/A Access Denied: User req to IDN for Exch - BMF,#N/A The record could not be found,#N/A The record could not be found,#N/A Access Denied: User req to IDN for Exch - NYM,#N/A The record could not be found,14918,26369,11826,#N/A Access Denied: User req to IDN for Exch - COM,#N/A Access Denied: User req to IDN for Exch - COM,#N/A Access Denied: User req to IDN for Exch - NYM,#N/A Access Denied: User req to IDN for Exch - NYM,#N/A Access Denied: User req to IDN for Exch - COM,2672,#N/A Access Denied: User req to IDN for Exch - NYM,#N/A Access Denied: User req to IDN for Exch - NYM,#N/A Access Denied: User req to IDN for Exch - NYM,#N/A Access Denied: User req to IDN for Exch - NYM,#N/A The record could not be found,#N/A Access Denied: User req to IDN for Exch - TCE,#N/A Access Denied: User req to IDN for Exch - BMF,0,#N/A The record could not be found,161169,#N/A The record could not be found,#N/A The record could not be found,#N/A The record could not be found,#N/A The record could not be found,#N/A The record could not be found,9879,#N/A Access Denied: User req to IDN for Exch - WPG,4248,#N/A The record could not be found,#N/A The record could not be found,#N/A The record could not be found,#N/A The record could not be found,305705,#N/A The record could not be found
