EQY_TURNOVER_REALTIME,1757108003,458581.0012,282094858.3,493875884.8,33227.60205,40542704.58,4050867.024,408997510,6469790215,923488890,35513094,38466048,2793455.231,385266848,265190687,112478044,32972225,3925071699,969303937,857689450,513490099.5,625507240,2508791552,625507240,0,0,0,12351.95038,199.0450134,2975126.006,29249372.2,192295007.9,499984956.2,29936175,137177124.5,3364447.531,187343.1123,274128.77,2271669.477,7781159.816,23998138.9,36253866.86,2876888.874,4959003.059,7172861.301,121413.1636,8739227.185,5530910.074,132190.1886,2239328.03,1752170.241,97.73001099,98995.25894,169657.3793,8816110,8866386,0,0,0,34271.36069,3661220.075,712227.3078,3765064.738,22978.53795,277980.7241,2387045.872,18.90999985,0,0,1192684.57,177.2670269,59.70001221,1280.865216,117303.2933,1726.82405,440.1413822,272495314.9,26652.10218,2799618.088,11286853.53,1037317.746,18172440.25,9340093.798,1509694.413,56013.33413,977677.5776,17879140,52750,0,6986587.75,729398.1022,100015.6012,132321.7026,203380.5994,18991.25,276.2200006,33583.64992,1457544.164,3324.334974,1194625990,60490582,4503253.695,452414.7873,711826.2641,#N/A N/A
TURNOVER_TODAY_REALTIME,1757108003,458581.0012,282094858.3,493875884.8,33227.60205,40542704.58,4050867.024,408997510,6469790215,923488890,35513094,38466048,2793455.231,385267787,265190687,112478044,32972225,3925071699,969303937,857689450,513490099.5,625507240,2508791552,625507240,0,0,0,12351.95038,#N/A N/A,2975126.006,29249372.2,192295007.9,499984956.2,29936175,137177124.5,3364447.531,187343.1123,274128.77,2271669.477,7781159.816,23998138.9,36253866.86,2876888.874,4959003.059,7172861.301,121413.1636,8739227.185,5530910.074,132190.1886,2239328.03,1752170.241,97.73001099,98995.25894,169657.3793,8816136.616,8866364.535,#N/A N/A,#N/A N/A,#N/A N/A,34271.36069,3661220.075,712227.3078,3765064.738,22978.53795,277980.7241,2387045.872,#N/A N/A,#N/A N/A,#N/A N/A,1192684.57,177.2670269,59.70001221,1280.865216,117303.2933,1726.82405,440.1413822,272495314.9,26652.10218,2799618.088,11286853.53,1037317.746,18172440.25,9340093.798,1509694.413,56013.33413,977677.5776,17879140,52750,0,6986587.75,729398.1022,100015.6012,132321.7026,#N/A N/A,18991.25,276.2200006,33583.64992,1457544.164,3324.334974,1194625990,60490582,4503253.695,452414.7873,711826.2641,#N/A N/A
OPEN_INT,115021,88188,2976353,233830,5898,327850,231214,354063,361437,83236,257642,257642,169532,100960,11108,265774,4889,3779287,660149,107406,189030,44703,42163,44703,386279,34471,250049,174819,1600,1404381,1077776,2640732,2826804,147871,565898,583891,153841,408920,464957,970078,1118405,1328419,118910,547673,479553,47426,227781,267795,180044,773854,862770,31259,65317,77445,286934,90068,2422664,61420,0,367552,148681,110754,227975,101596,35289,73976,20212,0,563993,43565,1072,820,4416,11234,30978,10064,349573,1903,22259,67962,157162,110259,190817,58662,112976,74841,130984,131,4706,512300,181683,52675,73520,4088,5754,5390,14666,122552,7813,284314,406203,156959,173045,458606,254451
ID_EXCH_SYMBOL,YM,SP,ES,NQ,RV,TF,SXF,NK225,NK225M,NIY,AP,AP,TW,HSI,MHI,HHI,MCH,FESX,Z,FDAX,FCE,FTMIB,FIE,FTMIB,OMXS30,IPC,IND,ZQ,GLB,GE,ZT,ZF,ZN,TN,ZB,UB,BAX,CGB,I,FGBS,FGBM,FGBL,FGBX,L,R,S,FOAT,FBTP,IR,YT,XT,BB,EY,JGBL,65,67,DI1,TE28,CE91,6E,6J,6C,6B,6M,6S,6A,DA18,FRC,DOL,6N,SEK,NOK,6Z,RY,RP,RF,GC,HG,PA,PL,SI,G,CL,HO,NG,RB,jm,204,ICF,ZC,CT,HE,LE,LBS,ZO,DC,OJ,RS,ZR,ru,ZS,ZM,ZL,SB,ZW
EMIR_ASSET_CLASS,EQ,EQ,EQ,EQ,EQ,EQ,EQ,EQ,EQ,EQ,EQ,EQ,EQ,EQ,EQ,EQ,EQ,EQ,EQ,EQ,EQ,EQ,EQ,EQ,EQ,EQ,EQ,IR,IR,IR,IR,IR,IR,IR,IR,IR,IR,IR,IR,IR,IR,IR,IR,IR,IR,IR,IR,IR,IR,IR,IR,IR,IR,IR,IR,IR,IR,IR,IR,CU,CU,CU,CU,CU,CU,CU,CU,CU,CU,CU,CU,CU,CU,CU,CU,CU,CO,CO,CO,CO,CO,CO,CO,CO,CO,CO,CO,CO,CO,CO,CO,CO,CO,CO,CO,CO,CO,CO,CO,CO,CO,CO,CO,CO,CO
EMIR_BASE_PRODUCT,FU,FU,FU,FU,FU,FU,FU,FU,FU,FU,FU,FU,FU,FU,FU,FU,FU,FU,FU,FU,FU,FU,FU,FU,FU,FU,FU,FU,FU,FU,FU,FU,FU,FU,FU,FU,FU,FU,FU,FU,FU,FU,FU,FU,FU,FU,FU,FU,FU,FU,FU,FU,FU,FU,FU,FU,FU,FU,FU,FU,FU,FU,FU,FU,FU,FU,FU,FU,FU,FU,FU,FU,FU,FU,FU,FU,FU,FU,FU,FU,FU,FU,FU,FU,FU,FU,FU,FU,FU,FU,FU,FU,FU,FU,FU,FU,FU,FU,FU,FU,FU,FU,FU,FU,FU
AIFMD_EXPOSURE_RPT_MACRO_AST_TYP,DER,DER,DER,DER,DER,DER,DER,DER,DER,DER,DER,DER,DER,DER,DER,DER,DER,DER,DER,DER,DER,DER,DER,DER,DER,DER,DER,DER,DER,DER,DER,DER,DER,DER,DER,DER,DER,DER,DER,DER,DER,DER,DER,DER,DER,DER,DER,DER,DER,DER,DER,DER,DER,DER,DER,DER,DER,DER,DER,DER,DER,DER,DER,DER,DER,DER,DER,DER,DER,DER,DER,DER,DER,DER,DER,DER,DER,DER,DER,DER,DER,DER,DER,DER,DER,DER,DER,DER,DER,DER,DER,DER,DER,DER,DER,DER,DER,DER,DER,DER,DER,DER,DER,DER,DER
AIFMD_EXPOSURE_RPT_AST_TYP,DER_OTH,DER_OTH,DER_OTH,DER_OTH,DER_OTH,DER_OTH,DER_OTH,DER_OTH,DER_OTH,DER_OTH,DER_OTH,DER_OTH,DER_OTH,DER_OTH,DER_OTH,DER_OTH,DER_OTH,DER_OTH,DER_OTH,DER_OTH,DER_OTH,DER_OTH,DER_OTH,DER_OTH,DER_OTH,DER_OTH,DER_OTH,DER_IRD,DER_IRD,DER_IRD,DER_FID,DER_FID,DER_FID,DER_FID,DER_FID,DER_FID,DER_IRD,DER_FID,DER_IRD,DER_FID,DER_FID,DER_FID,DER_FID,DER_IRD,DER_FID,DER_IRD,DER_FID,DER_FID,DER_IRD,DER_FID,DER_FID,DER_IRD,DER_IRD,DER_FID,DER_FID,DER_FID,DER_IRD,DER_IRD,DER_IRD,DER_IRD,DER_IRD,DER_IRD,DER_IRD,DER_IRD,DER_IRD,DER_IRD,DER_IRD,DER_IRD,DER_IRD,DER_IRD,DER_IRD,DER_IRD,DER_IRD,DER_IRD,DER_IRD,DER_IRD,DER_CTY,DER_CTY,DER_CTY,DER_CTY,DER_CTY,DER_CTY,DER_CTY,DER_CTY,DER_CTY,DER_CTY,DER_CTY,DER_CTY,DER_CTY,DER_CTY,DER_CTY,DER_CTY,DER_CTY,DER_CTY,DER_CTY,DER_CTY,DER_CTY,DER_CTY,DER_CTY,DER_CTY,DER_CTY,DER_CTY,DER_CTY,DER_CTY,DER_CTY
AIFMD_EXPOSURE_RPT_SUB_AST_TYP,DER_OTH_OTHR,DER_OTH_OTHR,DER_OTH_OTHR,DER_OTH_OTHR,DER_OTH_OTHR,DER_OTH_OTHR,DER_OTH_OTHR,DER_OTH_OTHR,DER_OTH_OTHR,DER_OTH_OTHR,DER_OTH_OTHR,DER_OTH_OTHR,DER_OTH_OTHR,DER_OTH_OTHR,DER_OTH_OTHR,DER_OTH_OTHR,DER_OTH_OTHR,DER_OTH_OTHR,DER_OTH_OTHR,DER_OTH_OTHR,DER_OTH_OTHR,DER_OTH_OTHR,DER_OTH_OTHR,DER_OTH_OTHR,DER_OTH_OTHR,DER_OTH_OTHR,DER_OTH_OTHR,DER_IRD_INTR,DER_IRD_INTR,DER_IRD_INTR,DER_FID_FIXI,DER_FID_FIXI,DER_FID_FIXI,DER_FID_FIXI,DER_FID_FIXI,DER_FID_FIXI,DER_IRD_INTR,DER_FID_FIXI,DER_IRD_INTR,DER_FID_FIXI,DER_FID_FIXI,DER_FID_FIXI,DER_FID_FIXI,DER_IRD_INTR,DER_FID_FIXI,DER_IRD_INTR,DER_FID_FIXI,DER_FID_FIXI,DER_IRD_INTR,DER_FID_FIXI,DER_FID_FIXI,DER_IRD_INTR,DER_IRD_INTR,DER_FID_FIXI,DER_FID_FIXI,DER_FID_FIXI,DER_IRD_INTR,DER_IRD_INTR,DER_IRD_INTR,DER_IRD_INTR,DER_IRD_INTR,DER_IRD_INTR,DER_IRD_INTR,DER_IRD_INTR,DER_IRD_INTR,DER_IRD_INTR,DER_IRD_INTR,DER_IRD_INTR,DER_IRD_INTR,DER_IRD_INTR,DER_IRD_INTR,DER_IRD_INTR,DER_IRD_INTR,DER_IRD_INTR,DER_IRD_INTR,DER_IRD_INTR,DER_CTY_PMOT,DER_CTY_OTIM,DER_CTY_PMOT,DER_CTY_PMOT,DER_CTY_PMOT,DER_CTY_ENOT,DER_CTY_ECOL,DER_CTY_ENOT,DER_CTY_ENNG,DER_CTY_ENOT,DER_CTY_ENOT,DER_CTY_OTAP,DER_CTY_OTAP,DER_CTY_OTAP,DER_CTY_OTHR,DER_CTY_OTLS,DER_CTY_OTLS,DER_CTY_OTIM,DER_CTY_OTAP,DER_CTY_OTAP,DER_CTY_OTAP,DER_CTY_OTAP,DER_CTY_OTAP,DER_CTY_OTIM,DER_CTY_OTAP,DER_CTY_OTAP,DER_CTY_OTAP,DER_CTY_OTAP,DER_CTY_OTAP
AIFMD_TURNOVER_RPT_MACRO_AST_TYP,DER,DER,DER,DER,DER,DER,DER,DER,DER,DER,DER,DER,DER,DER,DER,DER,DER,DER,DER,DER,DER,DER,DER,DER,DER,DER,DER,DER,DER,DER,DER,DER,DER,DER,DER,DER,DER,DER,DER,DER,DER,DER,DER,DER,DER,DER,DER,DER,DER,DER,DER,DER,DER,DER,DER,DER,DER,DER,DER,DER,DER,DER,DER,DER,DER,DER,DER,DER,DER,DER,DER,DER,DER,DER,DER,DER,DER,DER,DER,DER,DER,DER,DER,DER,DER,DER,DER,DER,DER,DER,DER,DER,DER,DER,DER,DER,DER,DER,DER,DER,DER,DER,DER,DER,DER
AIFMD_TURNOVER_RPT_AST_TYP,DER_OTH,DER_OTH,DER_OTH,DER_OTH,DER_OTH,DER_OTH,DER_OTH,DER_OTH,DER_OTH,DER_OTH,DER_OTH,DER_OTH,DER_OTH,DER_OTH,DER_OTH,DER_OTH,DER_OTH,DER_OTH,DER_OTH,DER_OTH,DER_OTH,DER_OTH,DER_OTH,DER_OTH,DER_OTH,DER_OTH,DER_OTH,DER_IRD,DER_IRD,DER_IRD,DER_FID,DER_FID,DER_FID,DER_FID,DER_FID,DER_FID,DER_IRD,DER_FID,DER_IRD,DER_FID,DER_FID,DER_FID,DER_FID,DER_IRD,DER_FID,DER_IRD,DER_FID,DER_FID,DER_IRD,DER_FID,DER_FID,DER_IRD,DER_IRD,DER_FID,DER_FID,DER_FID,DER_IRD,DER_IRD,DER_IRD,DER_IRD,DER_IRD,DER_IRD,DER_IRD,DER_IRD,DER_IRD,DER_IRD,DER_IRD,DER_IRD,DER_IRD,DER_IRD,DER_IRD,DER_IRD,DER_IRD,DER_IRD,DER_IRD,DER_IRD,DER_CTY,DER_CTY,DER_CTY,DER_CTY,DER_CTY,DER_CTY,DER_CTY,DER_CTY,DER_CTY,DER_CTY,DER_CTY,DER_CTY,DER_CTY,DER_CTY,DER_OTH,DER_CTY,DER_CTY,DER_OTH,DER_CTY,DER_CTY,DER_CTY,DER_CTY,DER_CTY,DER_OTH,DER_CTY,DER_CTY,DER_CTY,DER_CTY,DER_CTY
AIFMD_TURNOVER_RPT_SUB_AST_TYP,DER_OTH_OTH,DER_OTH_OTH,DER_OTH_OTH,DER_OTH_OTH,DER_OTH_OTH,DER_OTH_OTH,DER_OTH_OTH,DER_OTH_OTH,DER_OTH_OTH,DER_OTH_OTH,DER_OTH_OTH,DER_OTH_OTH,DER_OTH_OTH,DER_OTH_OTH,DER_OTH_OTH,DER_OTH_OTH,DER_OTH_OTH,DER_OTH_OTH,DER_OTH_OTH,DER_OTH_OTH,DER_OTH_OTH,DER_OTH_OTH,DER_OTH_OTH,DER_OTH_OTH,DER_OTH_OTH,DER_OTH_OTH,DER_OTH_OTH,DER_IRD_IRD,DER_IRD_IRD,DER_IRD_IRD,DER_FID_FID,DER_FID_FID,DER_FID_FID,DER_FID_FID,DER_FID_FID,DER_FID_FID,DER_IRD_IRD,DER_FID_FID,DER_IRD_IRD,DER_FID_FID,DER_FID_FID,DER_FID_FID,DER_FID_FID,DER_IRD_IRD,DER_FID_FID,DER_IRD_IRD,DER_FID_FID,DER_FID_FID,DER_IRD_IRD,DER_FID_FID,DER_FID_FID,DER_IRD_IRD,DER_IRD_IRD,DER_FID_FID,DER_FID_FID,DER_FID_FID,DER_IRD_IRD,DER_IRD_IRD,DER_IRD_IRD,DER_IRD_IRD,DER_IRD_IRD,DER_IRD_IRD,DER_IRD_IRD,DER_IRD_IRD,DER_IRD_IRD,DER_IRD_IRD,DER_IRD_IRD,DER_IRD_IRD,DER_IRD_IRD,DER_IRD_IRD,DER_IRD_IRD,DER_IRD_IRD,DER_IRD_IRD,DER_IRD_IRD,DER_IRD_IRD,DER_IRD_IRD,DER_CTY_CTY,DER_CTY_CTY,DER_CTY_CTY,DER_CTY_CTY,DER_CTY_CTY,DER_CTY_CTY,DER_CTY_CTY,DER_CTY_CTY,DER_CTY_CTY,DER_CTY_CTY,DER_CTY_CTY,DER_CTY_CTY,DER_CTY_CTY,DER_CTY_CTY,DER_OTH_OTH,DER_CTY_CTY,DER_CTY_CTY,DER_OTH_OTH,DER_CTY_CTY,DER_CTY_CTY,DER_CTY_CTY,DER_CTY_CTY,DER_CTY_CTY,DER_OTH_OTH,DER_CTY_CTY,DER_CTY_CTY,DER_CTY_CTY,DER_CTY_CTY,DER_CTY_CTY
ID_MIC_PRIM_EXCH,XCBT,XCME,XCME,XCME,IFUS,IFUS,XMOD,XOSE,XOSE,XCME,XSFE,XSFE,XSIM,XHKF,XHKF,XHKF,XHKF,XEUR,IFLL,XEUR,XMON,XDMI,XMRV,XDMI,XSTO,XEMD,BVMF,XCBT,XCME,XCME,XCBT,XCBT,XCBT,XCBT,XCBT,XCBT,XMOD,XMOD,IFLL,XEUR,XEUR,XEUR,XEUR,IFLL,IFLL,IFLL,XEUR,XEUR,XSFE,XSFE,XSFE,XSFE,XTFF,XOSE,XKFE,XKFE,BVMF,XEMD,XEMD,XCME,XCME,XCME,XCME,XCME,XCME,XCME,XEMD,BVMF,BVMF,XCME,XCME,XCME,XCME,XCME,XCME,XCME,XCEC,XCEC,XNYM,XNYM,XCEC,IFEU,XNYM,XNYM,XNYM,XNYM,XDCE,XTKT,BVMF,XCBT,IFUS,XCME,XCME,XCME,XCBT,XCME,IFUS,IFCA,XCBT,XSGE,XCBT,XCBT,XCBT,IFUS,XCBT
TICKER,DMU6,SPU6,ESU6,NQU6,RVBU6,RTAU6,PTU6,NKU6,NOU6,NHU6,XPU6,XPU6,TWN6,HIN6,HUN6,HCN6,MHCN6,VGU6,Z U6,GXU6,CFN6,STU6,IBN6,STU6,QCQ6,ISU6,BZQ6,FFN6,EMN6,EDZ6,TUU6,FVU6,TYU6,UXYU6,USU6,WNU6,BAZ6,CNU6,ERZ6,DUU6,OEU6,RXU6,UBU6,L Z6,G U6,ESZ6,OATU6,IKU6,IRZ6,YMU6,XMU6,ZBZ6,YEU6,JBU6,KEU6,KAAU6,ODF7,DON6,GMN6,ECU6,JYU6,CDU6,BPU6,PEU6,SFU6,ADU6,DSN6,GDV6,UCQ6,NVU6,SEU6,NOU6,RAU6,RYU6,RPU6,RFU6,GC1,HGQ6,PAU6,PLV6,SIU6,QSQ6,CLQ6,HOQ6,NGQ6,XBQ6,CKCU6,JEZ6,AXU6,C U6,CTZ6,LHQ6,LCQ6,LBU6,O Z6,DAN6,JOU6,RSX6,RRU6,RTU6,S X6,SMZ6,BOZ6,SBV6,W U6
PARSEKYABLE_DES_SOURCE,DMU6 Index,SPU6 COMB Index,ESU6 Index,NQU6 Index,RVBU6 Index,RTAU6 Index,PTU6 Index,NKU6 COMB Index,NOU6 COMB Index,NHU6 Index,XPU6 COMB Index,XPU6 COMB Index,TWN6 COMB Index,HIN6 COMB Index,HUN6 COMB Index,HCN6 COMB Index,MHCN6 COMB Index,VGU6 Index,Z U6 Index,GXU6 Index,CFN6 Index,STU6 Index,IBN6 Index,STU6 Index,QCQ6 Index,ISU6 Index,BZQ6 Index,FFN6 COMB Comdty,EMN6 COMB Comdty,EDZ6 COMB Comdty,TUU6 COMB Comdty,FVU6 COMB Comdty,TYU6 COMB Comdty,UXYU6 COMB Comdty,USU6 COMB Comdty,WNU6 COMB Comdty,BAZ6 Comdty,CNU6 Comdty,ERZ6 Comdty,DUU6 Comdty,OEU6 Comdty,RXU6 Comdty,UBU6 Comdty,L Z6 Comdty,G U6 Comdty,ESZ6 Comdty,OATU6 Comdty,IKU6 Comdty,IRZ6 COMB Comdty,YMU6 COMB Comdty,XMU6 COMB Comdty,ZBZ6 COMB Comdty,YEU6 Comdty,JBU6 COMB Comdty,KEU6 Comdty,KAAU6 Comdty,ODF7 Comdty,DON6 Comdty,GMN6 Comdty,ECU6 COMB Curncy,JYU6 COMB Curncy,CDU6 COMB Curncy,BPU6 COMB Curncy,PEU6 COMB Curncy,SFU6 COMB Curncy,ADU6 COMB Curncy,DSN6 Curncy,GDV6 Curncy,UCQ6 Curncy,NVU6 COMB Curncy,SEU6 Curncy,NOU6 Curncy,RAU6 COMB Curncy,RYU6 Curncy,RPU6 COMB Curncy,RFU6 Curncy,GCQ6 COMB Comdty,HGQ6 COMB Comdty,PAU6 COMB Comdty,PLV6 COMB Comdty,SIU6 COMB Comdty,QSQ6 Comdty,CLQ6 COMB Comdty,HOQ6 COMB Comdty,NGQ6 COMB Comdty,XBQ6 COMB Comdty,CKCU6 COMB Comdty,JEZ6 COMB Comdty,AXU6 Comdty,C U6 COMB Comdty,CTZ6 Comdty,LHQ6 COMB Comdty,LCQ6 COMB Comdty,LBU6 COMB Comdty,O Z6 COMB Comdty,DAN6 COMB Comdty,JOU6 Comdty,RSX6 Comdty,RRU6 COMB Comdty,RTU6 COMB Comdty,S X6 COMB Comdty,SMZ6 COMB Comdty,BOZ6 COMB Comdty,SBV6 Comdty,W U6 COMB Comdty
ID_BB_RT,DMU6,SPU6,ESU6,NQU6,RVBU6,RTAU6,PTU6,NKU6,NOU6,NHU6,XPU6,XPU6,TWN6,HIN6,HUN6,HCN6,MHCN6,VGU6,Z U6,GXU6,CFN6,STU6,IBN6,STU6,QCQ6,ISU6,BZQ6,FFN6,EMN6,EDZ6,TUU6,FVU6,TYU6,UXYU6,USU6,WNU6,BAZ6,CNU6,ERZ6,DUU6,OEU6,RXU6,UBU6,0LZ6,G U6,ESZ6,OATU6,IKU6,IRZ6,YMU6,XMU6,ZBZ6,YEU6,JBU6,KEU6,KAAU6,ODF7,DON6,GMN6,ECU6,JYU6,CDU6,BPU6,PEU6,SFU6,ADU6,DSN6,GDV6,UCQ6,NVU6,SEU6,NOU6,RAU6,RYU6,RPU6,RFU6,GCQ6,HGQ6,PAU6,PLV6,SIU6,QSQ6,CLQ6,HOQ6,NGQ6,XBQ6,CKCU6,JEZ6,AXU6,C U6,CTZ6,LHQ6,LCQ6,LBU6,O Z6,DAN6,JOU6,RSX6,RRU6,RTU6,S X6,SMZ6,BOZ6,SBV6,W U6
UNIQUE_ID_FUT_OPT,DMU6 Index,SPU6 Index,ESU6 Index,NQU6 Index,RVBU6 Index,RTAU6 Index,PTU6 Index,NKU6 Index,NOU6 Index,NHU6 Index,XPU6 Index,XPU6 Index,TWN6 Index,HIN6 Index,HUN6 Index,HCN6 Index,MHCN6 Index,VGU6 Index,Z U6 Index,GXU6 Index,CFN6 Index,STU6 Index,IBN6 Index,STU6 Index,QCQ6 Index,ISU6 Index,BZQ6 Index,FFN6 Comdty,EMN6 Comdty,EDZ6 Comdty,TUU6 Comdty,FVU6 Comdty,TYU6 Comdty,UXYU6 Comdty,USU6 Comdty,WNU6 Comdty,BAZ6 Comdty,CNU6 Comdty,ERZ6 Comdty,DUU6 Comdty,OEU6 Comdty,RXU6 Comdty,UBU6 Comdty,L Z6 Comdty,G U6 Comdty,ESZ6 Comdty,OATU6 Comdty,IKU6 Comdty,IRZ6 Comdty,YMU6 Comdty,XMU6 Comdty,ZBZ6 Comdty,YEU6 Comdty,JBU6 Comdty,KEU6 Comdty,KAAU6 Comdty,ODF7 Comdty,DON6 Comdty,GMN6 Comdty,ECU6 Curncy,JYU6 Curncy,CDU6 Curncy,BPU6 Curncy,PEU6 Curncy,SFU6 Curncy,ADU6 Curncy,DSN6 Curncy,GDV6 Curncy,UCQ6 Curncy,NVU6 Curncy,SEU6 Curncy,NOU6 Curncy,RAU6 Curncy,RYU6 Curncy,RPU6 Curncy,RFU6 Curncy,GC1 Comdty,HGQ6 Comdty,PAU6 Comdty,PLV6 Comdty,SIU6 Comdty,QSQ6 Comdty,CLQ6 Comdty,HOQ6 Comdty,NGQ6 Comdty,XBQ6 Comdty,CKCU6 Comdty,JEZ6 Comdty,AXU6 Comdty,C U6 Comdty,CTZ6 Comdty,LHQ6 Comdty,LCQ6 Comdty,LBU6 Comdty,O Z6 Comdty,DAN6 Comdty,JOU6 Comdty,RSX6 Comdty,RRU6 Comdty,RTU6 Comdty,S X6 Comdty,SMZ6 Comdty,BOZ6 Comdty,SBV6 Comdty,W U6 Comdty
SECURITY_DES,DMU6,SPU6 COMB,ESU6,NQU6,RVBU6,RTAU6,PTU6,NKU6 COMB,NOU6 COMB,NHU6,XPU6 COMB,XPU6 COMB,TWN6 COMB,HIN6 COMB,HUN6 COMB,HCN6 COMB,MHCN6 COMB,VGU6,Z U6,GXU6,CFN6,STU6,IBN6,STU6,QCQ6,ISU6,BZQ6,FFN6 COMB,EMN6 COMB,EDZ6 COMB,TUU6 COMB,FVU6 COMB,TYU6 COMB,UXYU6 COMB,USU6 COMB,WNU6 COMB,BAZ6,CNU6,ERZ6,DUU6,OEU6,RXU6,UBU6,L Z6,G U6,ESZ6,OATU6,IKU6,IRZ6 COMB,YMU6 COMB,XMU6 COMB,ZBZ6 COMB,YEU6,JBU6 COMB,KEU6,KAAU6,ODF7,DON6,GMN6,ECU6 COMB,JYU6 COMB,CDU6 COMB,BPU6 COMB,PEU6 COMB,SFU6 COMB,ADU6 COMB,DSN6,GDV6,UCQ6,NVU6 COMB,SEU6,NOU6,RAU6 COMB,RYU6,RPU6 COMB,RFU6,GC1 COMB,HGQ6 COMB,PAU6 COMB,PLV6 COMB,SIU6 COMB,QSQ6,CLQ6 COMB,HOQ6 COMB,NGQ6 COMB,XBQ6 COMB,CKCU6 COMB,JEZ6 COMB,AXU6,C U6 COMB,CTZ6,LHQ6 COMB,LCQ6 COMB,LBU6 COMB,O Z6 COMB,DAN6 COMB,JOU6,RSX6,RRU6 COMB,RTU6 COMB,S X6 COMB,SMZ6 COMB,BOZ6 COMB,SBV6,W U6 COMB
SHORT_NAME,DJIA MINI e-CBOT  Sep16,S&P 500 FUTURE    Sep16,S&P500 EMINI FUT  Sep16,NASDAQ 100 E-MINI Sep16,RUSSELL 1000 Valu Sep16,Russell 2000 Mini Sep16,S&P/TSX 60 IX FUT Sep16,NIKKEI 225  (OSE) Sep16,NIKKEI 225 MINI   Sep16,YEN DENOM NIKKEI  Sep16,SPI 200 FUTURES   Sep16,SPI 200 FUTURES   Sep16,MSCI TAIWAN INDEX Jul16,HANG SENG IDX FUT Jul16,MINI HSI IDX FUT  Jul16,H-SHARES IDX FUT  Jul16,MINI H-SHR IDX FU Jul16,EURO STOXX 50     Sep16,FTSE 100 IDX FUT  Sep16,DAX INDEX FUTURE  Sep16,CAC40 10 EURO FUT Jul16,FTSE/MIB IDX FUT  Sep16,IBEX 35 INDX FUTR Jul16,FTSE/MIB IDX FUT  Sep16,OMXS30 IND FUTURE Aug16,MEX BOLSA IDX FUT Sep16,BOVESPA INDEX FUT Aug16,FED FUND 30DAY    Jul16,1MO EURO$ FUTURE  Jul16,90DAY EURO$ FUTR  Dec16,US 2YR NOTE (CBT) Sep16,US 5YR NOTE (CBT) Sep16,US 10YR NOTE (CBT)Sep16,US 10yr Ultra Fut Sep16,US LONG BOND(CBT) Sep16,US ULTRA BOND CBT Sep16,BANK ACCEPT FUTR  Dec16,CAN 10YR BOND FUT Sep16,3MO EURO EURIBOR  Dec16,EURO-SCHATZ FUT   Sep16,EURO-BOBL FUTURE  Sep16,EURO-BUND FUTURE  Sep16,EURO BUXL 30Y BND Sep16,90DAY STERLING FU Dec16,LONG GILT FUTURE  Sep16,Euro CHF 3MO ICE  Dec16,Euro-OAT Future   Sep16,Euro-BTP Future   Sep16,90-DAY BANK BILL  Dec16,AUST 3YR BOND FUT Sep16,AUST 10Y BOND FUT Sep16,NEW ZEAL 3MO BILL Dec16,3MO EUROYEN TFX   Sep16,JPN 10Y BOND(OSE) Sep16,KOREA 3YR BND FUT Sep16,KOREA 10YR BND FU Sep16,ONE-DAY BANK DEP  Jan17,MEXICAN TIIE      Jul16,MEXICAN CETES     Jul16,EURO FX CURR FUT  Sep16,JPN YEN CURR FUT  Sep16,C$ CURRENCY FUT   Sep16,BP CURRENCY FUT   Sep16,MEXICAN PESO FUT  Sep16,CHF CURRENCY FUT  Sep16,AUDUSD Crncy Fut  Sep16,US DOLLAR FUT     Jul16,FRA CUPOM CAMBIAL Oct16,BMF US Dollar Fut Aug16,NEW ZEALAND $ FUT Sep16,SWEDISH KRONA FUT Sep16,NORWEGIAN KRONE   Sep16,SA RAND CURR(CME) Sep16,EURO/JPY FUTURE   Sep16,EURO/GBP FUTURE   Sep16,EURO/CHF FUTURE   Sep16,Generic 1st 'GC' Future,COPPER FUTURE     Aug16,PALLADIUM FUTURE  Sep16,PLATINUM FUTURE   Oct16,SILVER FUTURE     Sep16,Low Su Gasoil G   Aug16,WTI CRUDE FUTURE  Aug16,NY Harb ULSD Fut  Aug16,NATURAL GAS FUTR  Aug16,GASOLINE RBOB FUT Aug16,Coking Coal Futur Sep16,RED BEANS   (TCM) Dec16,INT'L ARABICA COF Sep16,CORN FUTURE       Sep16,COTTON NO.2 FUTR  Dec16,LEAN HOGS FUTURE  Aug16,LIVE CATTLE FUTR  Aug16,LUMBER FUTURE     Sep16,OAT FUTURE        Dec16,MILK FUTURE       Jul16,FCOJ-A FUTURE     Sep16,CANOLA FUTR (WCE) Nov16,ROUGH RICE (CBOT) Sep16,RUBBER FUT (SHFE) Sep16,SOYBEAN FUTURE    Nov16,SOYBEAN MEAL FUTR Dec16,SOYBEAN OIL FUTR  Dec16,SUGAR #11 (WORLD) Oct16,WHEAT FUTURE(CBT) Sep16
SECURITY_NAME,DJIA MINI e-CBOT  Sep16,S&P 500 FUTURE    Sep16,S&P500 EMINI FUT  Sep16,NASDAQ 100 E-MINI Sep16,RUSSELL 1000 Valu Sep16,Russell 2000 Mini Sep16,S&P/TSX 60 IX FUT Sep16,NIKKEI 225  (OSE) Sep16,NIKKEI 225 MINI   Sep16,YEN DENOM NIKKEI  Sep16,SPI 200 FUTURES   Sep16,SPI 200 FUTURES   Sep16,MSCI TAIWAN INDEX Jul16,HANG SENG IDX FUT Jul16,MINI HSI IDX FUT  Jul16,H-SHARES IDX FUT  Jul16,MINI H-SHR IDX FU Jul16,EURO STOXX 50     Sep16,FTSE 100 IDX FUT  Sep16,DAX INDEX FUTURE  Sep16,CAC40 10 EURO FUT Jul16,FTSE/MIB IDX FUT  Sep16,IBEX 35 INDX FUTR Jul16,FTSE/MIB IDX FUT  Sep16,OMXS30 IND FUTURE Aug16,MEX BOLSA IDX FUT Sep16,BOVESPA INDEX FUT Aug16,FED FUND 30DAY    Jul16,1MO EURO$ FUTURE  Jul16,90DAY EURO$ FUTR  Dec16,US 2YR NOTE (CBT) Sep16,US 5YR NOTE (CBT) Sep16,US 10YR NOTE (CBT)Sep16,US 10yr Ultra Fut Sep16,US LONG BOND(CBT) Sep16,US ULTRA BOND CBT Sep16,BANK ACCEPT FUTR  Dec16,CAN 10YR BOND FUT Sep16,3MO EURO EURIBOR  Dec16,EURO-SCHATZ FUT   Sep16,EURO-BOBL FUTURE  Sep16,EURO-BUND FUTURE  Sep16,EURO BUXL 30Y BND Sep16,90DAY STERLING FU Dec16,LONG GILT FUTURE  Sep16,Euro CHF 3MO ICE  Dec16,Euro-OAT Future   Sep16,Euro-BTP Future   Sep16,90-DAY BANK BILL  Dec16,AUST 3YR BOND FUT Sep16,AUST 10Y BOND FUT Sep16,NEW ZEAL 3MO BILL Dec16,3MO EUROYEN TFX   Sep16,JPN 10Y BOND(OSE) Sep16,KOREA 3YR BND FUT Sep16,KOREA 10YR BND FU Sep16,ONE-DAY BANK DEP  Jan17,MEXICAN TIIE      Jul16,MEXICAN CETES     Jul16,EURO FX CURR FUT  Sep16,JPN YEN CURR FUT  Sep16,C$ CURRENCY FUT   Sep16,BP CURRENCY FUT   Sep16,MEXICAN PESO FUT  Sep16,CHF CURRENCY FUT  Sep16,AUDUSD Crncy Fut  Sep16,US DOLLAR FUT     Jul16,FRA CUPOM CAMBIAL Oct16,BMF US Dollar Fut Aug16,NEW ZEALAND $ FUT Sep16,SWEDISH KRONA FUT Sep16,NORWEGIAN KRONE   Sep16,SA RAND CURR(CME) Sep16,EURO/JPY FUTURE   Sep16,EURO/GBP FUTURE   Sep16,EURO/CHF FUTURE   Sep16,Generic 1st 'GC' Future,COPPER FUTURE     Aug16,PALLADIUM FUTURE  Sep16,PLATINUM FUTURE   Oct16,SILVER FUTURE     Sep16,Low Su Gasoil G   Aug16,WTI CRUDE FUTURE  Aug16,NY Harb ULSD Fut  Aug16,NATURAL GAS FUTR  Aug16,GASOLINE RBOB FUT Aug16,Coking Coal Futur Sep16,RED BEANS   (TCM) Dec16,INT'L ARABICA COF Sep16,CORN FUTURE       Sep16,COTTON NO.2 FUTR  Dec16,LEAN HOGS FUTURE  Aug16,LIVE CATTLE FUTR  Aug16,LUMBER FUTURE     Sep16,OAT FUTURE        Dec16,MILK FUTURE       Jul16,FCOJ-A FUTURE     Sep16,CANOLA FUTR (WCE) Nov16,ROUGH RICE (CBOT) Sep16,RUBBER FUT (SHFE) Sep16,SOYBEAN FUTURE    Nov16,SOYBEAN MEAL FUTR Dec16,SOYBEAN OIL FUTR  Dec16,SUGAR #11 (WORLD) Oct16,WHEAT FUTURE(CBT) Sep16
FUT_LONG_NAME,DJIA MINI e-CBOT  Sep16,S&P 500 FUTURE    Sep16,S&P500 EMINI FUT  Sep16,NASDAQ 100 E-MINI Sep16,RUSSELL 1000 Valu Sep16,Russell 2000 Mini Sep16,S&P/TSX 60 IX FUT Sep16,NIKKEI 225  (OSE) Sep16,NIKKEI 225 MINI   Sep16,YEN DENOM NIKKEI  Sep16,SPI 200 FUTURES   Sep16,SPI 200 FUTURES   Sep16,MSCI TAIWAN INDEX Jul16,HANG SENG IDX FUT Jul16,MINI HSI IDX FUT  Jul16,H-SHARES IDX FUT  Jul16,MINI H-SHR IDX FU Jul16,EURO STOXX 50     Sep16,FTSE 100 IDX FUT  Sep16,DAX INDEX FUTURE  Sep16,CAC40 10 EURO FUT Jul16,FTSE/MIB IDX FUT  Sep16,IBEX 35 INDX FUTR Jul16,FTSE/MIB IDX FUT  Sep16,OMXS30 IND FUTURE Aug16,MEX BOLSA IDX FUT Sep16,BOVESPA INDEX FUT Aug16,FED FUND 30DAY    Jul16,1MO EURO$ FUTURE  Jul16,90DAY EURO$ FUTR  Dec16,US 2YR NOTE (CBT) Sep16,US 5YR NOTE (CBT) Sep16,US 10YR NOTE (CBT)Sep16,US 10yr Ultra Fut Sep16,US LONG BOND(CBT) Sep16,US ULTRA BOND CBT Sep16,BANK ACCEPT FUTR  Dec16,CAN 10YR BOND FUT Sep16,3MO EURO EURIBOR  Dec16,EURO-SCHATZ FUT   Sep16,EURO-BOBL FUTURE  Sep16,EURO-BUND FUTURE  Sep16,EURO BUXL 30Y BND Sep16,90DAY STERLING FU Dec16,LONG GILT FUTURE  Sep16,Euro CHF 3MO ICE  Dec16,Euro-OAT Future   Sep16,Euro-BTP Future   Sep16,90-DAY BANK BILL  Dec16,AUST 3YR BOND FUT Sep16,AUST 10Y BOND FUT Sep16,NEW ZEAL 3MO BILL Dec16,3MO EUROYEN TFX   Sep16,JPN 10Y BOND(OSE) Sep16,KOREA 3YR BND FUT Sep16,KOREA 10YR BND FU Sep16,ONE-DAY BANK DEP  Jan17,MEXICAN TIIE      Jul16,MEXICAN CETES     Jul16,EURO FX CURR FUT  Sep16,JPN YEN CURR FUT  Sep16,C$ CURRENCY FUT   Sep16,BP CURRENCY FUT   Sep16,MEXICAN PESO FUT  Sep16,CHF CURRENCY FUT  Sep16,AUDUSD Crncy Fut  Sep16,US DOLLAR FUT     Jul16,FRA CUPOM CAMBIAL Oct16,BMF US Dollar Fut Aug16,NEW ZEALAND $ FUT Sep16,SWEDISH KRONA FUT Sep16,NORWEGIAN KRONE   Sep16,SA RAND CURR(CME) Sep16,EURO/JPY FUTURE   Sep16,EURO/GBP FUTURE   Sep16,EURO/CHF FUTURE   Sep16,Generic 1st 'GC' Future,COPPER FUTURE     Aug16,PALLADIUM FUTURE  Sep16,PLATINUM FUTURE   Oct16,SILVER FUTURE     Sep16,Low Su Gasoil G   Aug16,WTI CRUDE FUTURE  Aug16,NY Harb ULSD Fut  Aug16,NATURAL GAS FUTR  Aug16,GASOLINE RBOB FUT Aug16,Coking Coal Futur Sep16,RED BEANS   (TCM) Dec16,INT'L ARABICA COF Sep16,CORN FUTURE       Sep16,COTTON NO.2 FUTR  Dec16,LEAN HOGS FUTURE  Aug16,LIVE CATTLE FUTR  Aug16,LUMBER FUTURE     Sep16,OAT FUTURE        Dec16,MILK FUTURE       Jul16,FCOJ-A FUTURE     Sep16,CANOLA FUTR (WCE) Nov16,ROUGH RICE (CBOT) Sep16,RUBBER FUT (SHFE) Sep16,SOYBEAN FUTURE    Nov16,SOYBEAN MEAL FUTR Dec16,SOYBEAN OIL FUTR  Dec16,SUGAR #11 (WORLD) Oct16,WHEAT FUTURE(CBT) Sep16
TICKER_RT,DMU6,SPU6,ESU6,NQU6,RVBU6,RTAU6,PTU6,NKU6,NOU6,NHU6,XPU6,XPU6,TWN6,HIN6,HUN6,HCN6,MHCN6,VGU6,Z U6,GXU6,CFN6,STU6,IBN6,STU6,QCQ6,ISU6,BZQ6,FFN6,EMN6,EDZ6,TUU6,FVU6,TYU6,UXYU6,USU6,WNU6,BAZ6,CNU6,ERZ6,DUU6,OEU6,RXU6,UBU6,0LZ6,G U6,ESZ6,OATU6,IKU6,IRZ6,YMU6,XMU6,ZBZ6,YEU6,JBU6,KEU6,KAAU6,ODF7,DON6,GMN6,ECU6,JYU6,CDU6,BPU6,PEU6,SFU6,ADU6,DSN6,GDV6,UCQ6,NVU6,SEU6,NOU6,RAU6,RYU6,RPU6,RFU6,GCQ6,HGQ6,PAU6,PLV6,SIU6,QSQ6,CLQ6,HOQ6,NGQ6,XBQ6,CKCU6,JEZ6,AXU6,C U6,CTZ6,LHQ6,LCQ6,LBU6,O Z6,DAN6,JOU6,RSX6,RRU6,RTU6,S X6,SMZ6,BOZ6,SBV6,W U6
EXCH_CODE,CBT,CME,CME,CME,NYF,NYF,MSE,OSE,OSE,CME,SFE,SFE,SGX,HKG,HKG,HKG,HKG,EUX,ICF,EUX,EOP,MIL,MFM,MIL,SSE,MDX,BMF,CBT,CME,CME,CBT,CBT,CBT,CBT,CBT,CBT,MSE,MSE,ICF,EUX,EUX,EUX,EUX,ICF,ICF,ICF,EUX,EUX,SFE,SFE,SFE,SFE,TFX,OSE,KFE,KFE,BMF,MDX,MDX,CME,CME,CME,CME,CME,CME,CME,MDX,BMF,BMF,CME,CME,CME,CME,CME,CME,CME,CMX,CMX,NYM,NYM,CMX,ICE,NYM,NYM,NYM,NYM,DCE,TCM,BMF,CBT,NYB,CME,CME,CME,CBT,CME,NYB,WCE,CBT,SHF,CBT,CBT,CBT,NYB,CBT
FUT_EXCH_NAME_SHRT,CBT,CME,CME,CME,NYF,NYF,MSE,OSE,OSE,CME,SFE,SFE,SGX,HKG,HKG,HKG,HKG,EUX,ICF,EUX,EOP,MIL,MFM,MIL,SSE,MDX,BMF,CBT,CME,CME,CBT,CBT,CBT,CBT,CBT,CBT,MSE,MSE,ICF,EUX,EUX,EUX,EUX,ICF,ICF,ICF,EUX,EUX,SFE,SFE,SFE,SFE,TFX,OSE,KFE,KFE,BMF,MDX,MDX,CME,CME,CME,CME,CME,CME,CME,MDX,BMF,BMF,CME,CME,CME,CME,CME,CME,CME,CMX,CMX,NYM,NYM,CMX,ICE,NYM,NYM,NYM,NYM,DCE,TCM,BMF,CBT,NYB,CME,CME,CME,CBT,CME,NYB,WCE,CBT,SHF,CBT,CBT,CBT,NYB,CBT
FUT_EXCH_NAME_LONG,Chicago Board of Trade,Chicago Mercantile Exchange,Chicago Mercantile Exchange,Chicago Mercantile Exchange,ICE Futures US Indices,ICE Futures US Indices,Montreal Exchange,Osaka Exchange,Osaka Exchange,Chicago Mercantile Exchange,ASX Trade24,ASX Trade24,Singapore Exchange (was SIMEX),Hong Kong Futures Exchange,Hong Kong Futures Exchange,Hong Kong Futures Exchange,Hong Kong Futures Exchange,Eurex,ICE Futures Europe Financials,Eurex,Euronext Derivatives Paris,Borsa Italiana (IDEM),Meff Renta Variable (Madrid),Borsa Italiana (IDEM),OMX Nordic Exchange Stockholm,Mercado Mexicano de Derivados,Bolsa de Mercadorias e Futuros,Chicago Board of Trade,Chicago Mercantile Exchange,Chicago Mercantile Exchange,Chicago Board of Trade,Chicago Board of Trade,Chicago Board of Trade,Chicago Board of Trade,Chicago Board of Trade,Chicago Board of Trade,Montreal Exchange,Montreal Exchange,ICE Futures Europe Financials,Eurex,Eurex,Eurex,Eurex,ICE Futures Europe Financials,ICE Futures Europe Financials,ICE Futures Europe Financials,Eurex,Eurex,ASX Trade24,ASX Trade24,ASX Trade24,ASX Trade24,Tokyo Financial Exchange,Osaka Exchange,Korea Exchange,Korea Exchange,Bolsa de Mercadorias e Futuros,Mercado Mexicano de Derivados,Mercado Mexicano de Derivados,Chicago Mercantile Exchange,Chicago Mercantile Exchange,Chicago Mercantile Exchange,Chicago Mercantile Exchange,Chicago Mercantile Exchange,Chicago Mercantile Exchange,Chicago Mercantile Exchange,Mercado Mexicano de Derivados,Bolsa de Mercadorias e Futuros,Bolsa de Mercadorias e Futuros,Chicago Mercantile Exchange,Chicago Mercantile Exchange,Chicago Mercantile Exchange,Chicago Mercantile Exchange,Chicago Mercantile Exchange,Chicago Mercantile Exchange,Chicago Mercantile Exchange,"Commodity Exchange, Inc.","Commodity Exchange, Inc.",New York Mercantile Exchange,New York Mercantile Exchange,"Commodity Exchange, Inc.",ICE Futures Europe Commodities,New York Mercantile Exchange,New York Mercantile Exchange,New York Mercantile Exchange,New York Mercantile Exchange,Dalian Commodity Exchange,Tokyo Commodity Exchange,Bolsa de Mercadorias e Futuros,Chicago Board of Trade,ICE Futures US Softs,Chicago Mercantile Exchange,Chicago Mercantile Exchange,Chicago Mercantile Exchange,Chicago Board of Trade,Chicago Mercantile Exchange,ICE Futures US Softs,ICE Futures Canada,Chicago Board of Trade,Shanghai Futures Exchange,Chicago Board of Trade,Chicago Board of Trade,Chicago Board of Trade,ICE Futures US Softs,Chicago Board of Trade
TIME_ZONE_NUM,-5,-5,-5,-5,-4,-4,-4,9,9,-5,10,10,8,8,8,8,8,2,1,2,2,2,2,2,2,-5,-3,-5,-5,-5,-5,-5,-5,-5,-5,-5,-4,-4,1,2,2,2,2,1,1,1,2,2,10,10,10,12,9,9,9,9,-3,-5,-5,-5,-5,-5,-5,-5,-5,-5,-5,-3,-3,-5,-5,-5,-5,-5,-5,-5,-4,-4,-4,-4,-4,1,-4,-4,-4,-4,8,9,-3,-5,-4,-5,-5,-5,-5,-5,-4,-5,-5,8,-5,-5,-5,-4,-5
TODAY_DT,14/07/2016,08/07/2016,08/07/2016,14/07/2016,14/07/2016,14/07/2016,14/07/2016,14/07/2016,14/07/2016,14/07/2016,14/07/2016,14/07/2016,14/07/2016,14/07/2016,14/07/2016,14/07/2016,14/07/2016,14/07/2016,14/07/2016,14/07/2016,14/07/2016,14/07/2016,14/07/2016,14/07/2016,14/07/2016,14/07/2016,14/07/2016,08/07/2016,08/07/2016,08/07/2016,08/07/2016,08/07/2016,08/07/2016,08/07/2016,08/07/2016,08/07/2016,08/07/2016,08/07/2016,08/07/2016,08/07/2016,08/07/2016,08/07/2016,08/07/2016,08/07/2016,08/07/2016,08/07/2016,08/07/2016,08/07/2016,08/07/2016,08/07/2016,08/07/2016,08/07/2016,14/07/2016,08/07/2016,08/07/2016,08/07/2016,08/07/2016,08/07/2016,08/07/2016,08/07/2016,08/07/2016,08/07/2016,08/07/2016,08/07/2016,08/07/2016,08/07/2016,08/07/2016,08/07/2016,08/07/2016,14/07/2016,14/07/2016,14/07/2016,14/07/2016,14/07/2016,14/07/2016,14/07/2016,14/07/2016,14/07/2016,14/07/2016,14/07/2016,14/07/2016,14/07/2016,14/07/2016,14/07/2016,14/07/2016,14/07/2016,14/07/2016,15/07/2016,15/07/2016,15/07/2016,15/07/2016,15/07/2016,15/07/2016,15/07/2016,15/07/2016,15/07/2016,15/07/2016,15/07/2016,15/07/2016,15/07/2016,15/07/2016,15/07/2016,15/07/2016,15/07/2016,15/07/2016
CURRENT_TRADING_DT,14/07/2016,08/07/2016,08/07/2016,14/07/2016,14/07/2016,14/07/2016,14/07/2016,15/07/2016,15/07/2016,14/07/2016,15/07/2016,15/07/2016,15/07/2016,15/07/2016,15/07/2016,15/07/2016,15/07/2016,14/07/2016,14/07/2016,14/07/2016,14/07/2016,14/07/2016,14/07/2016,14/07/2016,14/07/2016,14/07/2016,14/07/2016,08/07/2016,08/07/2016,08/07/2016,08/07/2016,08/07/2016,08/07/2016,08/07/2016,08/07/2016,08/07/2016,08/07/2016,08/07/2016,08/07/2016,08/07/2016,08/07/2016,08/07/2016,08/07/2016,08/07/2016,08/07/2016,08/07/2016,08/07/2016,08/07/2016,11/07/2016,11/07/2016,11/07/2016,11/07/2016,14/07/2016,11/07/2016,08/07/2016,08/07/2016,08/07/2016,08/07/2016,08/07/2016,08/07/2016,08/07/2016,08/07/2016,08/07/2016,08/07/2016,08/07/2016,08/07/2016,08/07/2016,08/07/2016,08/07/2016,14/07/2016,14/07/2016,14/07/2016,14/07/2016,14/07/2016,14/07/2016,14/07/2016,14/07/2016,14/07/2016,14/07/2016,14/07/2016,14/07/2016,14/07/2016,14/07/2016,14/07/2016,14/07/2016,14/07/2016,15/07/2016,18/07/2016,15/07/2016,15/07/2016,15/07/2016,15/07/2016,15/07/2016,15/07/2016,15/07/2016,15/07/2016,15/07/2016,15/07/2016,15/07/2016,18/07/2016,15/07/2016,15/07/2016,15/07/2016,15/07/2016,15/07/2016
SES_END,22:00:00,22:00:00,22:00:00,22:00:00,23:00:00,23:00:00,21:15:00,07:16:00,07:15:00,22:00:00,07:30:00,07:30:00,06:50:00,09:15:00,09:15:00,09:15:00,09:15:00,21:05:00,21:00:00,21:05:00,21:00:00,16:40:00,19:00:00,16:40:00,16:30:00,21:00:00,21:55:00,22:00:00,22:00:00,22:00:00,22:00:00,22:00:00,22:00:00,22:00:00,22:00:00,22:00:00,21:00:00,21:00:00,21:00:00,21:00:00,21:05:00,21:10:00,21:00:00,18:00:00,18:00:00,18:00:00,19:00:00,18:06:00,07:30:00,07:30:00,07:30:00,05:30:00,12:15:00,07:05:00,07:15:00,07:15:00,22:00:00,21:00:00,21:00:00,22:00:00,22:00:00,22:00:00,22:00:00,22:00:00,22:00:00,22:00:00,21:00:00,22:00:00,22:00:00,22:00:00,22:00:00,22:00:00,22:00:00,22:00:00,22:00:00,22:00:00,22:00:00,22:00:00,22:00:00,22:00:00,22:00:00,23:00:00,22:00:00,22:00:00,22:00:00,22:00:00,09:00:00,07:20:00,19:00:00,19:20:00,19:30:00,19:05:00,19:05:00,22:00:00,19:20:00,22:00:00,19:00:00,19:20:00,19:20:00,08:00:00,19:20:00,19:20:00,19:20:00,18:00:00,19:20:00
SES_START,23:00:00,23:00:00,23:00:00,23:00:00,01:00:00,01:00:00,11:00:00,08:30:00,08:30:00,23:00:00,08:00:00,08:00:00,07:20:00,10:00:00,10:00:00,10:00:00,10:00:00,07:00:00,01:00:00,07:00:00,07:00:00,08:00:00,08:00:00,08:00:00,08:00:00,14:00:00,12:55:00,23:00:00,23:00:00,23:00:00,23:00:00,23:00:00,23:00:00,23:00:00,23:00:00,23:00:00,11:00:00,11:00:00,01:00:00,07:00:00,07:00:00,07:00:00,07:00:00,07:30:00,08:00:00,07:30:00,07:00:00,07:00:00,07:58:00,08:00:00,08:02:00,06:01:00,00:30:00,07:30:00,00:00:00,00:00:00,13:00:00,14:00:00,14:00:00,23:00:00,23:00:00,23:00:00,23:00:00,23:00:00,23:00:00,23:00:00,14:00:00,13:00:00,12:55:00,23:00:00,23:00:00,23:00:00,23:00:00,23:00:00,23:00:00,23:00:00,23:00:00,23:00:00,23:00:00,23:00:00,23:00:00,01:00:00,23:00:00,23:00:00,23:00:00,23:00:00,14:00:00,08:30:00,19:25:00,01:00:00,02:00:00,14:30:00,14:30:00,23:00:00,01:00:00,23:00:00,13:00:00,01:00:00,01:00:00,14:00:00,01:00:00,01:00:00,01:00:00,08:30:00,01:00:00
SETTLE_DT,15/07/2016,11/07/2016,11/07/2016,15/07/2016,15/07/2016,15/07/2016,15/07/2016,15/07/2016,15/07/2016,20/07/2016,14/07/2016,14/07/2016,15/07/2016,15/07/2016,15/07/2016,15/07/2016,15/07/2016,15/07/2016,15/07/2016,15/07/2016,19/07/2016,19/07/2016,15/07/2016,19/07/2016,19/07/2016,19/07/2016,15/07/2016,11/07/2016,11/07/2016,11/07/2016,11/07/2016,11/07/2016,11/07/2016,11/07/2016,11/07/2016,11/07/2016,11/07/2016,11/07/2016,13/07/2016,11/07/2016,11/07/2016,11/07/2016,11/07/2016,11/07/2016,11/07/2016,13/07/2016,11/07/2016,11/07/2016,08/07/2016,08/07/2016,08/07/2016,13/07/2016,20/07/2016,11/07/2016,11/07/2016,11/07/2016,11/07/2016,13/07/2016,13/07/2016,11/07/2016,11/07/2016,11/07/2016,11/07/2016,11/07/2016,11/07/2016,11/07/2016,13/07/2016,11/07/2016,11/07/2016,15/07/2016,15/07/2016,15/07/2016,15/07/2016,20/07/2016,15/07/2016,19/07/2016,14/07/2016,15/07/2016,15/07/2016,15/07/2016,15/07/2016,15/07/2016,15/07/2016,15/07/2016,15/07/2016,15/07/2016,19/07/2016,21/07/2016,18/07/2016,18/07/2016,18/07/2016,18/07/2016,18/07/2016,18/07/2016,18/07/2016,18/07/2016,18/07/2016,20/07/2016,18/07/2016,20/07/2016,18/07/2016,18/07/2016,18/07/2016,18/07/2016,18/07/2016
RT_OPEN_INT_DT,08/07/2016,01/07/2016,01/07/2016,08/07/2016,07/07/2016,07/07/2016,14/07/2016,14/07/2016,14/07/2016,11/07/2016,14/07/2016,14/07/2016,07/07/2016,14/07/2016,14/07/2016,14/07/2016,14/07/2016,07/07/2016,07/07/2016,07/07/2016,07/07/2016,14/07/2016,07/07/2016,14/07/2016,14/07/2016,14/07/2016,07/07/2016,01/07/2016,01/07/2016,01/07/2016,05/07/2016,30/06/2016,01/07/2016,01/07/2016,30/06/2016,01/07/2016,08/07/2016,08/07/2016,06/07/2016,06/07/2016,06/07/2016,06/07/2016,06/07/2016,06/07/2016,06/07/2016,06/07/2016,06/07/2016,06/07/2016,08/07/2016,08/07/2016,08/07/2016,08/07/2016,14/07/2016,08/07/2016,08/07/2016,08/07/2016,30/06/2016,08/07/2016,#N/A N/A,01/07/2016,01/07/2016,01/07/2016,01/07/2016,01/07/2016,05/07/2016,01/07/2016,08/07/2016,#N/A N/A,30/06/2016,08/07/2016,08/07/2016,11/07/2016,08/07/2016,08/07/2016,08/07/2016,11/07/2016,07/07/2016,08/07/2016,08/07/2016,08/07/2016,11/07/2016,07/07/2016,08/07/2016,07/07/2016,11/07/2016,08/07/2016,15/07/2016,08/07/2016,14/07/2016,07/07/2016,07/07/2016,07/07/2016,11/07/2016,07/07/2016,08/07/2016,07/07/2016,07/07/2016,07/07/2016,07/07/2016,18/07/2016,07/07/2016,08/07/2016,08/07/2016,11/07/2016,07/07/2016
FUT_TRADING_HRS,23:00-22:00,23:00-22:00 & 14:30-21:15,23:00-22:00,23:00-22:00,01:00-23:00,01:00-23:00,11:00-21:15,08:30-19:00 & 01:00-07:15,08:30-19:00 & 01:00-07:15,23:00-22:00,08:10-22:00 & 00:50-07:30,08:10-22:00 & 00:50-07:30,07:35-19:00 & 01:45-06:50,10:00-16:45 & 02:15-09:15,10:00-16:45 & 02:15-09:15,10:00-16:45 & 02:15-09:15,10:00-16:45 & 02:15-09:15,06:50-21:00,01:00-21:00,06:50-21:00,07:00-21:00,08:00-16:50,08:00-19:00,08:00-16:50,08:00-16:25,13:30-21:00,13:00-21:55,23:00-22:00,23:00-22:00,23:00-22:00,23:00-22:00,23:00-22:00,23:00-22:00,23:00-22:00,23:00-22:00,23:00-22:00,11:00-21:00,11:00-21:00,01:00-21:00,07:00-21:00,07:00-21:00,07:00-21:00,07:00-21:00,07:30-18:00,08:00-18:00,07:30-18:00,07:00-18:00,07:00-18:00,08:08-22:00 & 23:28-07:30,08:10-22:00 & 23:30-07:30,08:12-22:00 & 23:32-07:30,06:40-20:00 & 21:30-05:30,00:45-03:30 & 04:30-12:00,07:30-19:00 & 00:45-07:02,01:00-07:15,01:00-07:15,13:00-20:00 & 20:50-22:00,13:30-20:00,13:30-20:00,23:00-22:00,23:00-22:00,23:00-22:00,23:00-22:00,23:00-22:00,23:00-22:00,23:00-22:00,13:30-20:00,13:00-20:00 & 21:15-22:00,13:00-22:00,23:00-22:00,23:00-22:00,23:00-22:00,23:00-22:00,23:00-22:00,23:00-22:00,23:00-22:00,23:00-22:00,23:00-22:00,23:00-22:00,23:00-22:00,23:00-22:00,01:00-23:00,23:00-22:00,23:00-22:00,23:00-22:00,23:00-22:00,14:00-16:30 & 02:00-08:00,08:30-20:00 & 01:00-07:15,19:30-22:00 & 13:00-19:00,01:00-19:20,02:00-19:20,14:30-19:05,14:30-19:05,15:00-22:00,01:00-19:20,23:00-22:00,13:00-19:00,01:00-19:20,01:00-19:20,14:00-16:00 & 02:00-08:00,01:00-19:20,01:00-19:20,01:00-19:20,08:30-18:00,01:00-19:20
FUT_FIRST_TRADE_DT,18/09/2015,19/09/2014,19/06/2015,19/06/2015,21/09/2015,21/09/2015,18/09/2015,13/03/2015,13/03/2015,13/09/2013,20/03/2015,20/03/2015,29/04/2016,31/05/2016,31/05/2016,31/05/2016,31/05/2016,18/12/2015,21/09/2015,21/12/2015,18/04/2016,21/09/2015,18/04/2016,21/09/2015,16/05/2016,21/09/2015,23/01/2015,01/08/2013,13/07/2015,18/12/2006,01/07/2015,01/07/2015,22/06/2015,11/01/2016,22/12/2015,22/12/2015,17/12/2013,22/09/2015,14/12/2010,10/12/2015,09/12/2015,09/12/2015,09/12/2015,16/12/2010,30/12/2015,09/12/2013,09/12/2015,09/12/2015,09/12/2011,16/03/2016,16/03/2016,12/12/2013,20/09/2011,15/12/2015,16/03/2016,16/03/2016,17/01/2006,18/10/2006,15/07/2015,12/08/2013,12/08/2013,12/08/2013,12/08/2013,17/02/2015,12/08/2013,12/08/2013,07/01/2009,14/09/2011,30/04/2015,17/03/2015,17/03/2015,17/03/2015,19/08/2014,17/03/2015,17/03/2015,17/03/2015,30/09/2014,29/08/2014,29/06/2015,30/07/2015,31/10/2014,02/06/2014,22/11/2010,03/12/2012,19/02/2008,01/08/2013,17/09/2015,27/06/2016,20/03/2015,16/12/2013,02/01/2014,15/04/2015,02/03/2015,16/07/2015,15/12/2014,30/07/2014,11/09/2013,15/07/2014,15/07/2015,16/09/2015,15/11/2012,17/12/2012,17/12/2012,01/10/2013,15/07/2014
FUT_GEN_MONTH,HMUZ,HMUZ,HMUZ,HMUZ,HMUZ,HMUZ,HMUZ,HMUZ,FGHJKMNQUVXZ,HMUZ,HMUZ,HMUZ,FGHJKMNQUVXZ,FGHJKMNQUVXZ,FGHJKMNQUVXZ,FGHJKMNQUVXZ,FGHJKMNQUVXZ,HMUZ,HMUZ,HMUZ,FGHJKMNQUVXZ,HMUZ,FGHJKMNQUVXZ,HMUZ,FGHJKMNQUVXZ,HMUZ,GJMQVZ,FGHJKMNQUVXZ,FGHJKMNQUVXZ,HMUZ,HMUZ,HMUZ,HMUZ,HMUZ,HMUZ,HMUZ,HMUZ,HMUZ,HMUZ,HMUZ,HMUZ,HMUZ,HMUZ,HMUZ,HMUZ,HMUZ,HMUZ,HMUZ,HMUZ,HMUZ,HMUZ,HMUZ,HMUZ,HMUZ,HMUZ,HMUZ,FGHJKMNQUVXZ,FGHJKMNQUVXZ,FGHJKMNQUVXZ,HMUZ,HMUZ,HMUZ,HMUZ,HMUZ,HMUZ,HMUZ,FGHJKMNQUVXZ,FGHJKMNQUVXZ,FGHJKMNQUVXZ,HMUZ,HMUZ,HMUZ,FGHJKMNQUVXZ,HMUZ,HMUZ,HMUZ,GJMQVZ,HKNUZ,HMUZ,FJNV,HKNUZ,FGHJKMNQUVXZ,FGHJKMNQUVXZ,FGHJKMNQUVXZ,FGHJKMNQUVXZ,FGHJKMNQUVXZ,FGHJKMNQUVXZ,FGHJKMNQUVXZ,HKNUZ,HKNUZ,HKNVZ,GJKMNQVZ,GJMQVZ,FHKNUX,HKNUZ,FGHJKMNQUVXZ,FHKNUX,FHKNX,FHKNUX,FHJKMNQUVX,FHKNQUX,FHKNQUVZ,FHKNQUVZ,HKNV,HKNUZ
FUT_ROLL_DT,16/09/2016,15/09/2016,16/09/2016,16/09/2016,16/09/2016,16/09/2016,15/09/2016,08/09/2016,08/09/2016,08/09/2016,15/09/2016,15/09/2016,28/07/2016,28/07/2016,28/07/2016,28/07/2016,28/07/2016,16/09/2016,16/09/2016,16/09/2016,15/07/2016,16/09/2016,15/07/2016,16/09/2016,19/08/2016,15/09/2016,17/08/2016,29/07/2016,18/07/2016,19/12/2016,30/09/2016,30/09/2016,21/09/2016,21/09/2016,21/09/2016,21/09/2016,19/12/2016,21/09/2016,19/12/2016,08/09/2016,08/09/2016,08/09/2016,08/09/2016,21/12/2016,28/09/2016,19/12/2016,08/09/2016,08/09/2016,08/12/2016,15/09/2016,15/09/2016,28/10/2016,29/03/2016,12/09/2016,20/09/2016,20/09/2016,30/12/2016,19/07/2016,19/07/2016,19/09/2016,19/09/2016,20/09/2016,19/09/2016,19/09/2016,19/09/2016,19/09/2016,18/07/2016,29/08/2016,29/07/2016,19/09/2016,19/09/2016,19/09/2016,19/09/2016,19/09/2016,19/09/2016,19/09/2016,#N/A Field Not Applicable,17/06/2016,28/09/2016,27/10/2016,28/09/2016,11/08/2016,20/07/2016,29/07/2016,27/07/2016,29/07/2016,14/09/2016,20/12/2016,22/09/2016,12/07/2016,07/12/2016,07/07/2016,12/07/2016,15/09/2016,14/12/2016,02/08/2016,12/09/2016,14/11/2016,14/09/2016,16/09/2016,14/11/2016,14/12/2016,14/12/2016,30/09/2016,14/09/2016
FUT_SETTLE_DELAY,#N/A Field Not Applicable,FALSE,FALSE,#N/A Field Not Applicable,#N/A Field Not Applicable,#N/A Field Not Applicable,#N/A Field Not Applicable,#N/A Field Not Applicable,#N/A Field Not Applicable,#N/A Field Not Applicable,#N/A Field Not Applicable,#N/A Field Not Applicable,#N/A Field Not Applicable,#N/A Field Not Applicable,#N/A Field Not Applicable,#N/A Field Not Applicable,#N/A Field Not Applicable,#N/A Field Not Applicable,#N/A Field Not Applicable,#N/A Field Not Applicable,#N/A Field Not Applicable,#N/A Field Not Applicable,#N/A Field Not Applicable,#N/A Field Not Applicable,#N/A Field Not Applicable,#N/A Field Not Applicable,#N/A Field Not Applicable,FALSE,2,2,FALSE,FALSE,FALSE,#N/A Field Not Applicable,FALSE,#N/A Field Not Applicable,0,FALSE,2,#N/A Field Not Applicable,#N/A Field Not Applicable,#N/A Field Not Applicable,#N/A Field Not Applicable,0,#N/A Field Not Applicable,2,#N/A Field Not Applicable,#N/A Field Not Applicable,0,2,2,0,0,#N/A Field Not Applicable,#N/A Field Not Applicable,#N/A Field Not Applicable,FALSE,FALSE,FALSE,FALSE,FALSE,FALSE,FALSE,FALSE,FALSE,FALSE,FALSE,FALSE,FALSE,#N/A Field Not Applicable,#N/A Field Not Applicable,#N/A Field Not Applicable,#N/A Field Not Applicable,#N/A Field Not Applicable,#N/A Field Not Applicable,#N/A Field Not Applicable,#N/A Field Not Applicable,#N/A Field Not Applicable,#N/A Field Not Applicable,#N/A Field Not Applicable,#N/A Field Not Applicable,#N/A Field Not Applicable,#N/A Field Not Applicable,#N/A Field Not Applicable,#N/A Field Not Applicable,#N/A Field Not Applicable,#N/A Field Not Applicable,#N/A Field Not Applicable,#N/A Field Not Applicable,#N/A Field Not Applicable,#N/A Field Not Applicable,#N/A Field Not Applicable,#N/A Field Not Applicable,#N/A Field Not Applicable,#N/A Field Not Applicable,#N/A Field Not Applicable,#N/A Field Not Applicable,#N/A Field Not Applicable,#N/A Field Not Applicable,#N/A Field Not Applicable,#N/A Field Not Applicable,#N/A Field Not Applicable,#N/A Field Not Applicable,#N/A Field Not Applicable,#N/A Field Not Applicable
CHAIN_DATE,#N/A Field Not Applicable,#N/A Field Not Applicable,#N/A Field Not Applicable,#N/A Field Not Applicable,#N/A Field Not Applicable,#N/A Field Not Applicable,#N/A Field Not Applicable,#N/A Field Not Applicable,#N/A Field Not Applicable,#N/A Field Not Applicable,#N/A Field Not Applicable,#N/A Field Not Applicable,#N/A Field Not Applicable,#N/A Field Not Applicable,#N/A Field Not Applicable,#N/A Field Not Applicable,#N/A Field Not Applicable,#N/A Field Not Applicable,#N/A Field Not Applicable,#N/A Field Not Applicable,#N/A Field Not Applicable,#N/A Field Not Applicable,#N/A Field Not Applicable,#N/A Field Not Applicable,#N/A Field Not Applicable,#N/A Field Not Applicable,#N/A Field Not Applicable,08/07/2016,08/07/2016,08/07/2016,08/07/2016,08/07/2016,08/07/2016,08/07/2016,08/07/2016,08/07/2016,08/07/2016,08/07/2016,08/07/2016,08/07/2016,08/07/2016,08/07/2016,08/07/2016,08/07/2016,08/07/2016,08/07/2016,08/07/2016,08/07/2016,11/07/2016,11/07/2016,11/07/2016,11/07/2016,14/07/2016,11/07/2016,08/07/2016,08/07/2016,08/07/2016,08/07/2016,08/07/2016,08/07/2016,08/07/2016,08/07/2016,08/07/2016,08/07/2016,08/07/2016,08/07/2016,08/07/2016,08/07/2016,08/07/2016,14/07/2016,14/07/2016,14/07/2016,14/07/2016,14/07/2016,14/07/2016,14/07/2016,14/07/2016,14/07/2016,14/07/2016,14/07/2016,14/07/2016,14/07/2016,14/07/2016,14/07/2016,14/07/2016,14/07/2016,15/07/2016,18/07/2016,15/07/2016,15/07/2016,15/07/2016,15/07/2016,15/07/2016,15/07/2016,15/07/2016,15/07/2016,15/07/2016,15/07/2016,15/07/2016,18/07/2016,15/07/2016,15/07/2016,15/07/2016,15/07/2016,15/07/2016
SETTLEMENT_DATE_RT,15/07/2016,08/07/2016,08/07/2016,14/07/2016,14/07/2016,14/07/2016,15/07/2016,15/07/2016,15/07/2016,19/07/2016,14/07/2016,14/07/2016,15/07/2016,15/07/2016,15/07/2016,15/07/2016,15/07/2016,14/07/2016,15/07/2016,14/07/2016,18/07/2016,18/07/2016,14/07/2016,18/07/2016,19/07/2016,19/07/2016,14/07/2016,11/07/2016,08/07/2016,08/07/2016,11/07/2016,11/07/2016,08/07/2016,08/07/2016,08/07/2016,08/07/2016,08/07/2016,11/07/2016,12/07/2016,11/07/2016,11/07/2016,11/07/2016,11/07/2016,08/07/2016,08/07/2016,12/07/2016,11/07/2016,11/07/2016,08/07/2016,08/07/2016,08/07/2016,13/07/2016,20/07/2016,11/07/2016,11/07/2016,11/07/2016,08/07/2016,12/07/2016,12/07/2016,08/07/2016,08/07/2016,08/07/2016,08/07/2016,08/07/2016,08/07/2016,08/07/2016,12/07/2016,08/07/2016,08/07/2016,14/07/2016,14/07/2016,14/07/2016,14/07/2016,19/07/2016,14/07/2016,18/07/2016,14/07/2016,14/07/2016,14/07/2016,14/07/2016,14/07/2016,14/07/2016,14/07/2016,14/07/2016,14/07/2016,14/07/2016,19/07/2016,21/07/2016,15/07/2016,15/07/2016,15/07/2016,15/07/2016,15/07/2016,15/07/2016,15/07/2016,15/07/2016,15/07/2016,19/07/2016,15/07/2016,20/07/2016,15/07/2016,15/07/2016,15/07/2016,15/07/2016,15/07/2016
FUTURES_VALUATION_DATE,16/09/2016,16/09/2016,16/09/2016,16/09/2016,16/09/2016,16/09/2016,16/09/2016,09/09/2016,09/09/2016,08/09/2016,16/09/2016,16/09/2016,28/07/2016,29/07/2016,29/07/2016,29/07/2016,29/07/2016,16/09/2016,19/09/2016,16/09/2016,18/07/2016,16/09/2016,18/07/2016,16/09/2016,19/08/2016,19/09/2016,17/08/2016,29/07/2016,18/07/2016,19/12/2016,FALSE,FALSE,FALSE,#N/A Field Not Applicable,FALSE,#N/A Field Not Applicable,19/12/2016,FALSE,19/12/2016,#N/A Field Not Applicable,#N/A Field Not Applicable,#N/A Field Not Applicable,#N/A Field Not Applicable,21/12/2016,#N/A Field Not Applicable,19/12/2016,#N/A Field Not Applicable,#N/A Field Not Applicable,#N/A Field Not Applicable,16/09/2016,16/09/2016,15/12/2016,20/09/2016,#N/A Field Not Applicable,21/09/2016,21/09/2016,02/01/2017,20/07/2016,20/07/2016,FALSE,FALSE,FALSE,FALSE,FALSE,FALSE,FALSE,20/07/2016,03/10/2016,01/08/2016,#N/A Field Not Applicable,#N/A Field Not Applicable,#N/A Field Not Applicable,#N/A Field Not Applicable,#N/A Field Not Applicable,#N/A Field Not Applicable,#N/A Field Not Applicable,#N/A Field Not Applicable,#N/A Field Not Applicable,#N/A Field Not Applicable,#N/A Field Not Applicable,#N/A Field Not Applicable,#N/A Field Not Applicable,#N/A Field Not Applicable,#N/A Field Not Applicable,#N/A Field Not Applicable,#N/A Field Not Applicable,#N/A Field Not Applicable,#N/A Field Not Applicable,#N/A Field Not Applicable,#N/A Field Not Applicable,#N/A Field Not Applicable,16/08/2016,#N/A Field Not Applicable,#N/A Field Not Applicable,#N/A Field Not Applicable,03/08/2016,#N/A Field Not Applicable,#N/A Field Not Applicable,#N/A Field Not Applicable,#N/A Field Not Applicable,#N/A Field Not Applicable,#N/A Field Not Applicable,#N/A Field Not Applicable,#N/A Field Not Applicable,#N/A Field Not Applicable
FEED_CODE,CBOT,CME,CME,CME,ICE US,ICE US,MONTREAL,JAPAN,JAPAN,CME,SYDNEY,SYDNEY,SIMEX,HONGKONG,HONGKONG,HONGKONG,HONGKONG,EUREX,ICE EUR,EUREX,LIFFE,Italy,MEFF,Italy,NORDIC,MEXICO,BMF,CBOT,CME,CME,CBOT,CBOT,CBOT,CBOT,CBOT,CBOT,MONTREAL,MONTREAL,ICE EUR,EUREX,EUREX,EUREX,EUREX,ICE EUR,ICE EUR,ICE EUR,EUREX,EUREX,SYDNEY,SYDNEY,SYDNEY,NEW ZEAL,TIFFE,JAPAN,KFE,KFE,BMF,MEXICO,MEXICO,CME,CME,CME,CME,CME,CME,CME,MEXICO,BMF,BMF,CME,CME,CME,CME,CME,CME,CME,NYMEX,NYMEX,NYMEX,NYMEX,NYMEX,ICE EUR,NYMEX,NYMEX,NYMEX,NYMEX,DALIAN,TOKYO,BMF,CBOT,ICE US,CME,CME,CME,CBOT,CME,ICE US,ICE CAN,CBOT,Shanghai,CBOT,CBOT,CBOT,ICE US,CBOT
FEED_SOURCE,eCBT,cCME,eCME,eCME,eNYB,eNYB,MSE,cJO,cJO,eCME,cSFE,cSFE,cSGX,cHKG,cHKG,cHKG,cHKG,EUX,ICF,EUX,EOP1,IM,SM,IM,SS,MDX,BMF,cCBT,cCME,cCME,cCBT,cCBT,cCBT,cCBT,cCBT,cCBT,MSE,MSE,ICF,EUX,EUX,EUX,EUX,ICF,ICF,ICF,EUX,EUX,cSFE,cSFE,cSFE,cSFE,TFX,cJO,KFE,KFE,BMF,MDX,MDX,cCME,cCME,cCME,cCME,cCME,cCME,cCME,MDX,BMF,BMF,cCME,eCME,eCME,cCME,eCME,cCME,eCME,cCMX,cCMX,cNYM,cNYM,cCMX,ICE,cNYM,cNYM,cNYM,cNYM,cDCE,cTCM,BMF,cCBT,eNYB,cCME,cCME,cCME,cCBT,cCME,eNYB,WCE,cCBT,cSHF,cCBT,cCBT,cCBT,eNYB,cCBT
NUM_TRADES_RT,46772,127,23751,51938,32,28990,3980,8273,54900,21032,4425,4864,5118,15432,10022,8607,2884,49692,86961,53600,32322,30599,15722,30599,15469,508,6598,3,0,499,1514,9931,15556,3861,9338,5976,128,1063,1562,1044,4657,15941,5384,2210,20989,146,8338,7866,65,737,3033,1,16,211,1346,5645,0,0,0,11581,15591,3535,10435,1109,1329,10107,0,0,0,6439,9,2,40,419,855,175,88868,63,3195,6880,26953,14456,74990,8019,7567,5645,2275,3,113,5784,5358,504,534,0,36,5,148,1302,12,3900,19644,7351,7667,13000,7158
TICK_SIZE_HINT_TYPE,A,A,A,A,A,A,A,#N/A Field Not Applicable,#N/A Field Not Applicable,A,#N/A Field Not Applicable,#N/A Field Not Applicable,#N/A Field Not Applicable,#N/A Field Not Applicable,#N/A Field Not Applicable,#N/A Field Not Applicable,#N/A Field Not Applicable,A,A,A,A,#N/A Field Not Applicable,A,#N/A Field Not Applicable,A,#N/A Field Not Applicable,#N/A Field Not Applicable,A,A,A,A,A,A,A,A,A,A,A,A,A,A,A,A,A,A,A,A,A,#N/A Field Not Applicable,#N/A Field Not Applicable,#N/A Field Not Applicable,#N/A Field Not Applicable,#N/A Field Not Applicable,#N/A Field Not Applicable,#N/A Field Not Applicable,#N/A Field Not Applicable,#N/A Field Not Applicable,#N/A Field Not Applicable,#N/A Field Not Applicable,A,A,A,A,A,A,A,#N/A Field Not Applicable,#N/A Field Not Applicable,#N/A Field Not Applicable,A,A,A,A,A,A,A,A,A,A,A,A,A,A,A,A,A,#N/A Field Not Applicable,#N/A Field Not Applicable,#N/A Field Not Applicable,A,A,A,A,A,A,A,A,A,A,#N/A Field Not Applicable,A,A,A,A,A
TICK_SIZE_TABLE_TYPE,PR,PR,PR,PR,PR,PR,PR,#N/A Field Not Applicable,#N/A Field Not Applicable,PR,#N/A Field Not Applicable,#N/A Field Not Applicable,#N/A Field Not Applicable,#N/A Field Not Applicable,#N/A Field Not Applicable,#N/A Field Not Applicable,#N/A Field Not Applicable,PR,PR,PR,PR,#N/A Field Not Applicable,PR,#N/A Field Not Applicable,PR,#N/A Field Not Applicable,#N/A Field Not Applicable,PR,PR,PR,PR,PR,PR,PR,PR,PR,PR,PR,PR,PR,PR,PR,PR,PR,PR,PR,PR,PR,#N/A Field Not Applicable,#N/A Field Not Applicable,#N/A Field Not Applicable,#N/A Field Not Applicable,#N/A Field Not Applicable,#N/A Field Not Applicable,#N/A Field Not Applicable,#N/A Field Not Applicable,#N/A Field Not Applicable,#N/A Field Not Applicable,#N/A Field Not Applicable,PR,PR,PR,PR,PR,PR,PR,#N/A Field Not Applicable,#N/A Field Not Applicable,#N/A Field Not Applicable,PR,PR,PR,PR,PR,PR,PR,PR,PR,PR,PR,PR,PR,PR,PR,PR,PR,#N/A Field Not Applicable,#N/A Field Not Applicable,#N/A Field Not Applicable,PR,PR,PR,PR,PR,PR,PR,PR,PR,PR,#N/A Field Not Applicable,PR,PR,PR,PR,PR
BPIPE_REFERENCE_SECURITY_CLASS,Future,Future,Future,Future,Future,Future,Future,Future,Future,Future,Future,Future,Future,Future,Future,Future,Future,Future,Future,Future,Future,Future,Future,Future,Future,Future,Future,Future,Future,Future,Future,Future,Future,Future,Future,Future,Future,Future,Future,Future,Future,Future,Future,Future,Future,Future,Future,Future,Future,Future,Future,Future,Future,Future,Future,Future,Future,Future,Future,Future,Future,Future,Future,Future,Future,Future,Future,Future,Future,Future,Future,Future,Future,Future,Future,Future,Future,Future,Future,Future,Future,Future,Future,Future,Future,Future,Future,Future,Future,Future,Future,Future,Future,Future,Future,Future,Future,Future,Future,Future,Future,Future,Future,Future,Future
EXCHANGE_TYPE,Standard Exchange,Standard Exchange,Standard Exchange,Standard Exchange,Standard Exchange,Standard Exchange,Standard Exchange,Standard Exchange,Standard Exchange,Standard Exchange,Standard Exchange,Standard Exchange,Standard Exchange,Standard Exchange,Standard Exchange,Standard Exchange,Standard Exchange,Standard Exchange,Standard Exchange,Standard Exchange,Standard Exchange,Standard Exchange,Standard Exchange,Standard Exchange,Standard Exchange,Standard Exchange,Standard Exchange,Standard Exchange,Standard Exchange,Standard Exchange,Standard Exchange,Standard Exchange,Standard Exchange,Standard Exchange,Standard Exchange,Standard Exchange,Standard Exchange,Standard Exchange,Standard Exchange,Standard Exchange,Standard Exchange,Standard Exchange,Standard Exchange,Standard Exchange,Standard Exchange,Standard Exchange,Standard Exchange,Standard Exchange,Standard Exchange,Standard Exchange,Standard Exchange,Standard Exchange,Standard Exchange,Standard Exchange,Standard Exchange,Standard Exchange,Standard Exchange,Standard Exchange,Standard Exchange,Standard Exchange,Standard Exchange,Standard Exchange,Standard Exchange,Standard Exchange,Standard Exchange,Standard Exchange,Standard Exchange,Standard Exchange,Standard Exchange,Standard Exchange,Standard Exchange,Standard Exchange,Standard Exchange,Standard Exchange,Standard Exchange,Standard Exchange,Standard Exchange,Standard Exchange,Standard Exchange,Standard Exchange,Standard Exchange,Standard Exchange,Standard Exchange,Standard Exchange,Standard Exchange,Standard Exchange,Standard Exchange,Standard Exchange,Standard Exchange,Standard Exchange,Standard Exchange,Standard Exchange,Standard Exchange,Standard Exchange,Standard Exchange,Standard Exchange,Standard Exchange,Standard Exchange,Standard Exchange,Standard Exchange,Standard Exchange,Standard Exchange,Standard Exchange,Standard Exchange,Standard Exchange
FUT_TICK_VAL,5,25,12.5,5,10,10,20,10000,500,2500,25,25,10,50,10,50,10,10,5,12.5,5,25,10,25,25,50,5,10.4175,6.25,12.5,15.625,7.8125,15.625,15.625,31.25,31.25,12.5,10,12.5,5,10,10,20,12.5,10,25,10,10,24.44,31.51,54.55,24.39,1250,10000,10000,10000,1.995255285,10,2.47,6.25,6.25,10,6.25,5,12.5,10,1,0.5,25,10,20,20,12.5,1250,6.25,12.5,10,12.5,5,5,25,25,10,4.2,10,4.2,30,800,5,12.5,5,10,10,11,12.5,20,7.5,2,10,50,12.5,10,6,11.2,12.5
FUT_PX_SESSION,S,C,S,S,S,S,S,C,C,S,C,C,C,C,C,C,C,S,S,S,S,S,S,S,S,S,S,C,C,C,C,C,C,C,C,C,S,S,S,S,S,S,S,S,S,S,S,S,C,C,C,C,S,C,S,S,S,S,S,C,C,C,C,C,C,C,S,S,S,C,S,S,C,S,C,S,C,C,C,C,C,S,C,C,C,C,C,C,S,C,S,C,C,C,C,C,S,S,C,C,C,C,C,S,C
FUT_TRADING_SESSION,D,B,D,D,D,D,D,B,B,D,B,B,B,B,B,B,B,D,D,D,D,D,D,D,D,D,D,B,B,B,B,B,B,B,B,B,D,D,D,D,D,D,D,D,D,D,D,D,B,B,B,B,D,B,D,D,D,D,D,B,B,B,B,B,B,B,D,D,D,B,D,D,B,D,B,D,B,B,B,B,B,D,B,B,B,B,B,B,D,B,D,B,B,B,B,B,D,D,B,B,B,B,B,D,B
NOTIONAL_ISSUE_SECURITY_TYPE,#N/A Field Not Applicable,#N/A Field Not Applicable,#N/A Field Not Applicable,#N/A Field Not Applicable,#N/A Field Not Applicable,#N/A Field Not Applicable,#N/A Field Not Applicable,#N/A Field Not Applicable,#N/A Field Not Applicable,#N/A Field Not Applicable,#N/A Field Not Applicable,#N/A Field Not Applicable,#N/A Field Not Applicable,#N/A Field Not Applicable,#N/A Field Not Applicable,#N/A Field Not Applicable,#N/A Field Not Applicable,#N/A Field Not Applicable,#N/A Field Not Applicable,#N/A Field Not Applicable,#N/A Field Not Applicable,#N/A Field Not Applicable,#N/A Field Not Applicable,#N/A Field Not Applicable,#N/A Field Not Applicable,#N/A Field Not Applicable,#N/A Field Not Applicable,Fed Fund,Eurodollar TD,Eurodollar TD,US T Note,US T Note,US T Note,US T Note,US T Bond,US T Bond,Banker's Acceptance,CA T Bond,EURIBOR,Euro-Schatz,Euro-Bobl,Euro-Bund,Euro-BUXL,Sterling TD,UK Gilt,Euroswiss TD,Euro-OAT,IT T Bond (BTP),AU Bank Bill,AU T Bond,AU T Bond,Banker's Acceptance,EuroYen TIBOR,JP T Bond,KR T Bond (KTB),KR T Bond (KTB),Interbank Deposit,TIIE,#N/A Field Not Applicable,#N/A Field Not Applicable,#N/A Field Not Applicable,#N/A Field Not Applicable,#N/A Field Not Applicable,#N/A Field Not Applicable,#N/A Field Not Applicable,#N/A Field Not Applicable,#N/A Field Not Applicable,#N/A Field Not Applicable,#N/A Field Not Applicable,#N/A Field Not Applicable,#N/A Field Not Applicable,#N/A Field Not Applicable,#N/A Field Not Applicable,#N/A Field Not Applicable,#N/A Field Not Applicable,#N/A Field Not Applicable,#N/A Field Not Applicable,#N/A Field Not Applicable,#N/A Field Not Applicable,#N/A Field Not Applicable,#N/A Field Not Applicable,#N/A Field Not Applicable,#N/A Field Not Applicable,#N/A Field Not Applicable,#N/A Field Not Applicable,#N/A Field Not Applicable,#N/A Field Not Applicable,#N/A Field Not Applicable,#N/A Field Not Applicable,#N/A Field Not Applicable,#N/A Field Not Applicable,#N/A Field Not Applicable,#N/A Field Not Applicable,#N/A Field Not Applicable,#N/A Field Not Applicable,#N/A Field Not Applicable,#N/A Field Not Applicable,#N/A Field Not Applicable,#N/A Field Not Applicable,#N/A Field Not Applicable,#N/A Field Not Applicable,#N/A Field Not Applicable,#N/A Field Not Applicable,#N/A Field Not Applicable,#N/A Field Not Applicable
NOTIONAL_ISSUE_TERM_NUMBER,#N/A Field Not Applicable,#N/A Field Not Applicable,#N/A Field Not Applicable,#N/A Field Not Applicable,#N/A Field Not Applicable,#N/A Field Not Applicable,#N/A Field Not Applicable,#N/A Field Not Applicable,#N/A Field Not Applicable,#N/A Field Not Applicable,#N/A Field Not Applicable,#N/A Field Not Applicable,#N/A Field Not Applicable,#N/A Field Not Applicable,#N/A Field Not Applicable,#N/A Field Not Applicable,#N/A Field Not Applicable,#N/A Field Not Applicable,#N/A Field Not Applicable,#N/A Field Not Applicable,#N/A Field Not Applicable,#N/A Field Not Applicable,#N/A Field Not Applicable,#N/A Field Not Applicable,#N/A Field Not Applicable,#N/A Field Not Applicable,#N/A Field Not Applicable,30,1,3,2,5,10,10,20,30,3,10,3,2,5,10,30,3,10,3,10,10,90,3,10,3,3,10,3,10,1,28,#N/A Field Not Applicable,#N/A Field Not Applicable,#N/A Field Not Applicable,#N/A Field Not Applicable,#N/A Field Not Applicable,#N/A Field Not Applicable,#N/A Field Not Applicable,#N/A Field Not Applicable,#N/A Field Not Applicable,#N/A Field Not Applicable,#N/A Field Not Applicable,#N/A Field Not Applicable,#N/A Field Not Applicable,#N/A Field Not Applicable,#N/A Field Not Applicable,#N/A Field Not Applicable,#N/A Field Not Applicable,#N/A Field Not Applicable,#N/A Field Not Applicable,#N/A Field Not Applicable,#N/A Field Not Applicable,#N/A Field Not Applicable,#N/A Field Not Applicable,#N/A Field Not Applicable,#N/A Field Not Applicable,#N/A Field Not Applicable,#N/A Field Not Applicable,#N/A Field Not Applicable,#N/A Field Not Applicable,#N/A Field Not Applicable,#N/A Field Not Applicable,#N/A Field Not Applicable,#N/A Field Not Applicable,#N/A Field Not Applicable,#N/A Field Not Applicable,#N/A Field Not Applicable,#N/A Field Not Applicable,#N/A Field Not Applicable,#N/A Field Not Applicable,#N/A Field Not Applicable,#N/A Field Not Applicable,#N/A Field Not Applicable,#N/A Field Not Applicable,#N/A Field Not Applicable,#N/A Field Not Applicable,#N/A Field Not Applicable,#N/A Field Not Applicable
NOTIONAL_ISSUE_TERM_PERIOD,#N/A Field Not Applicable,#N/A Field Not Applicable,#N/A Field Not Applicable,#N/A Field Not Applicable,#N/A Field Not Applicable,#N/A Field Not Applicable,#N/A Field Not Applicable,#N/A Field Not Applicable,#N/A Field Not Applicable,#N/A Field Not Applicable,#N/A Field Not Applicable,#N/A Field Not Applicable,#N/A Field Not Applicable,#N/A Field Not Applicable,#N/A Field Not Applicable,#N/A Field Not Applicable,#N/A Field Not Applicable,#N/A Field Not Applicable,#N/A Field Not Applicable,#N/A Field Not Applicable,#N/A Field Not Applicable,#N/A Field Not Applicable,#N/A Field Not Applicable,#N/A Field Not Applicable,#N/A Field Not Applicable,#N/A Field Not Applicable,#N/A Field Not Applicable,D,M,M,Y,Y,Y,Y,Y,Y,M,Y,M,Y,Y,Y,Y,M,Y,M,Y,Y,D,Y,Y,M,M,Y,Y,Y,D,D,#N/A Field Not Applicable,#N/A Field Not Applicable,#N/A Field Not Applicable,#N/A Field Not Applicable,#N/A Field Not Applicable,#N/A Field Not Applicable,#N/A Field Not Applicable,#N/A Field Not Applicable,#N/A Field Not Applicable,#N/A Field Not Applicable,#N/A Field Not Applicable,#N/A Field Not Applicable,#N/A Field Not Applicable,#N/A Field Not Applicable,#N/A Field Not Applicable,#N/A Field Not Applicable,#N/A Field Not Applicable,#N/A Field Not Applicable,#N/A Field Not Applicable,#N/A Field Not Applicable,#N/A Field Not Applicable,#N/A Field Not Applicable,#N/A Field Not Applicable,#N/A Field Not Applicable,#N/A Field Not Applicable,#N/A Field Not Applicable,#N/A Field Not Applicable,#N/A Field Not Applicable,#N/A Field Not Applicable,#N/A Field Not Applicable,#N/A Field Not Applicable,#N/A Field Not Applicable,#N/A Field Not Applicable,#N/A Field Not Applicable,#N/A Field Not Applicable,#N/A Field Not Applicable,#N/A Field Not Applicable,#N/A Field Not Applicable,#N/A Field Not Applicable,#N/A Field Not Applicable,#N/A Field Not Applicable,#N/A Field Not Applicable,#N/A Field Not Applicable,#N/A Field Not Applicable,#N/A Field Not Applicable,#N/A Field Not Applicable,#N/A Field Not Applicable
NOTIONAL_ISSUE_COUPON,#N/A Field Not Applicable,#N/A Field Not Applicable,#N/A Field Not Applicable,#N/A Field Not Applicable,#N/A Field Not Applicable,#N/A Field Not Applicable,#N/A Field Not Applicable,#N/A Field Not Applicable,#N/A Field Not Applicable,#N/A Field Not Applicable,#N/A Field Not Applicable,#N/A Field Not Applicable,#N/A Field Not Applicable,#N/A Field Not Applicable,#N/A Field Not Applicable,#N/A Field Not Applicable,#N/A Field Not Applicable,#N/A Field Not Applicable,#N/A Field Not Applicable,#N/A Field Not Applicable,#N/A Field Not Applicable,#N/A Field Not Applicable,#N/A Field Not Applicable,#N/A Field Not Applicable,#N/A Field Not Applicable,#N/A Field Not Applicable,#N/A Field Not Applicable,#N/A Field Not Applicable,#N/A Field Not Applicable,#N/A Field Not Applicable,6,6,6,6,6,6,#N/A Field Not Applicable,6,#N/A Field Not Applicable,6,6,6,4,#N/A Field Not Applicable,4,#N/A Field Not Applicable,6,6,#N/A Field Not Applicable,6,6,#N/A Field Not Applicable,#N/A Field Not Applicable,6,5,5,#N/A Field Not Applicable,#N/A Field Not Applicable,#N/A Field Not Applicable,#N/A Field Not Applicable,#N/A Field Not Applicable,#N/A Field Not Applicable,#N/A Field Not Applicable,#N/A Field Not Applicable,#N/A Field Not Applicable,#N/A Field Not Applicable,#N/A Field Not Applicable,#N/A Field Not Applicable,#N/A Field Not Applicable,#N/A Field Not Applicable,#N/A Field Not Applicable,#N/A Field Not Applicable,#N/A Field Not Applicable,#N/A Field Not Applicable,#N/A Field Not Applicable,#N/A Field Not Applicable,#N/A Field Not Applicable,#N/A Field Not Applicable,#N/A Field Not Applicable,#N/A Field Not Applicable,#N/A Field Not Applicable,#N/A Field Not Applicable,#N/A Field Not Applicable,#N/A Field Not Applicable,#N/A Field Not Applicable,#N/A Field Not Applicable,#N/A Field Not Applicable,#N/A Field Not Applicable,#N/A Field Not Applicable,#N/A Field Not Applicable,#N/A Field Not Applicable,#N/A Field Not Applicable,#N/A Field Not Applicable,#N/A Field Not Applicable,#N/A Field Not Applicable,#N/A Field Not Applicable,#N/A Field Not Applicable,#N/A Field Not Applicable,#N/A Field Not Applicable,#N/A Field Not Applicable,#N/A Field Not Applicable,#N/A Field Not Applicable,#N/A Field Not Applicable,#N/A Field Not Applicable,#N/A Field Not Applicable
FUT_TRADING_UNITS,$ x index,$ x index,$ x index,index points,$ x Index,$ x index,CAD x index, x index, x index, x index,AUD x Index,AUD x Index,$ x index,HKD x index,HKD x index,HKD x index,HKD x index,EUR x index, x index,EUR x index,EUR x index,EUR x Index,EUR x index,EUR x Index,SEK x Index,MXN x index,BRL x Index,$,$,$,$,$,$,USD,$,$,CAD,CAD,EUR,EUR,EUR,EUR,EUR,,,S?,EUR,EUR,AUD,AUD,AUD,NZD,,,KRW,KRW,BRL,MXN,MXN,EUR,JPY,CAD,GBP,MXN,CHF,AUD,$,$,USD,NZD,SEK,NOK,ZAR,EUR,EUR,EUR,troy oz.,lbs.,troy oz.,Troy Ounces,troy oz.,tonnes,Barrels,U.S. Gallons,MMBtu,U.S. Gallons,MetricTonnes,(30kg) bags,60 kg. bags,Bushels,lbs.,lbs.,lbs.,board feet,bushels,pounds,lbs.,tonnes,CWT,MetricTonnes,bushels,short tons,lbs.,lbs.,Bushels
FUTURES_CATEGORY,Equity Index,Equity Index,Equity Index,Equity Index,Equity Index,Equity Index,Equity Index,Equity Index,Equity Index,Equity Index,Equity Index,Equity Index,Equity Index,Equity Index,Equity Index,Equity Index,Equity Index,Equity Index,Equity Index,Equity Index,Equity Index,Equity Index,Equity Index,Equity Index,Equity Index,Equity Index,Equity Index,Interest Rate,Interest Rate,Interest Rate,Bond,Bond,Bond,Bond,Bond,Bond,Interest Rate,Bond,Interest Rate,Bond,Bond,Bond,Bond,Interest Rate,Bond,Interest Rate,Bond,Bond,Interest Rate,Bond,Bond,Interest Rate,Interest Rate,Bond,Bond,Bond,Interest Rate,Interest Rate,Interest Rate,Currency,Currency,Currency,Currency,Currency,Currency,Currency,Currency,Interest Rate,Currency,Currency,Currency,Currency,Currency,Cross Currency,Cross Currency,Cross Currency,Precious Metal,Base Metal,Precious Metal,Precious Metal,Precious Metal,Refined Products,Crude Oil,Refined Products,Natural Gas,Refined Products,Coal,Foodstuff,Foodstuff,Corn,Fibers,Livestock,Livestock,Industrial Material,Other Grain,Foodstuff,Foodstuff,Other Grain,Other Grain,Industrial Material,Soy,Soy,Soy,Foodstuff,Wheat
EURO_FUTURE,N,N,N,N,N,N,N,N,N,N,N,N,N,N,N,N,N,N,N,N,N,N,N,N,N,N,N,Y,Y,Y,N,N,N,N,N,N,Y,N,Y,N,N,N,N,Y,N,Y,N,N,Y,N,N,Y,Y,N,N,N,N,N,N,N,N,N,N,N,N,N,N,N,N,N,N,N,N,N,N,N,N,N,N,N,N,N,N,N,N,N,N,N,N,N,N,N,N,N,N,N,N,N,N,N,N,N,N,N,N
DI_DDI_FUTURE_INDICATOR,#N/A Field Not Applicable,#N/A Field Not Applicable,#N/A Field Not Applicable,#N/A Field Not Applicable,#N/A Field Not Applicable,#N/A Field Not Applicable,#N/A Field Not Applicable,#N/A Field Not Applicable,#N/A Field Not Applicable,#N/A Field Not Applicable,#N/A Field Not Applicable,#N/A Field Not Applicable,#N/A Field Not Applicable,#N/A Field Not Applicable,#N/A Field Not Applicable,#N/A Field Not Applicable,#N/A Field Not Applicable,#N/A Field Not Applicable,#N/A Field Not Applicable,#N/A Field Not Applicable,#N/A Field Not Applicable,#N/A Field Not Applicable,#N/A Field Not Applicable,#N/A Field Not Applicable,#N/A Field Not Applicable,#N/A Field Not Applicable,#N/A Field Not Applicable,N,N,N,N,N,N,N,N,N,N,N,N,N,N,N,N,N,N,N,N,N,N,N,N,N,N,N,N,N,Y,N,N,N,N,N,N,N,N,N,N,N,N,N,N,N,N,N,N,N,N,N,N,N,N,N,N,N,N,N,N,N,N,N,N,N,N,N,N,N,N,N,N,N,N,N,N,N,N
SECURITY_TYP,Physical index future.,Physical index future.,Physical index future.,Physical index future.,Physical index future.,Physical index future.,Physical index future.,Physical index future.,Physical index future.,Physical index future.,Physical index future.,Physical index future.,Physical index future.,Physical index future.,Physical index future.,Physical index future.,Physical index future.,Physical index future.,Physical index future.,Physical index future.,Physical index future.,Physical index future.,Physical index future.,Physical index future.,Physical index future.,Physical index future.,Physical index future.,Financial commodity future.,Financial commodity future.,Financial commodity future.,Financial commodity future.,Financial commodity future.,Financial commodity future.,Financial commodity future.,Financial commodity future.,Financial commodity future.,Financial commodity future.,Financial commodity future.,Financial commodity future.,Financial commodity future.,Financial commodity future.,Financial commodity future.,Financial commodity future.,Financial commodity future.,Financial commodity future.,Financial commodity future.,Financial commodity future.,Financial commodity future.,Financial commodity future.,Financial commodity future.,Financial commodity future.,Financial commodity future.,Financial commodity future.,Financial commodity future.,Financial commodity future.,Financial commodity future.,Financial commodity future.,Financial commodity future.,Financial commodity future.,Currency future.,Currency future.,Currency future.,Currency future.,Currency future.,Currency future.,Currency future.,Currency future.,Currency future.,Currency future.,Currency future.,Currency future.,Currency future.,Currency future.,Currency future.,Currency future.,Currency future.,Financial commodity generic.,Physical commodity future.,Physical commodity future.,Physical commodity future.,Physical commodity future.,Physical commodity future.,Physical commodity future.,Physical commodity future.,Physical commodity future.,Physical commodity future.,Physical commodity future.,Physical commodity future.,Physical commodity future.,Physical commodity future.,Physical commodity future.,Physical commodity future.,Physical commodity future.,Physical commodity future.,Physical commodity future.,Physical commodity future.,Physical commodity future.,Physical commodity future.,Physical commodity future.,Physical commodity future.,Physical commodity future.,Physical commodity future.,Physical commodity future.,Physical commodity future.,Physical commodity future.
SECURITY_TYP2,Future,Future,Future,Future,Future,Future,Future,Future,Future,Future,Future,Future,Future,Future,Future,Future,Future,Future,Future,Future,Future,Future,Future,Future,Future,Future,Future,Future,Future,Future,Future,Future,Future,Future,Future,Future,Future,Future,Future,Future,Future,Future,Future,Future,Future,Future,Future,Future,Future,Future,Future,Future,Future,Future,Future,Future,Future,Future,Future,Future,Future,Future,Future,Future,Future,Future,Future,Future,Future,Future,Future,Future,Future,Future,Future,Future,Future,Future,Future,Future,Future,Future,Future,Future,Future,Future,Future,Future,Future,Future,Future,Future,Future,Future,Future,Future,Future,Future,Future,Future,Future,Future,Future,Future,Future
CIC,USA1,USA1,USA1,USA1,USA1,USA1,CAA1,JPA1,JPA1,USA1,AUA1,AUA1,TWA1,HKA1,HKA1,HKA1,HKA1,DEA1,GBA1,DEA1,FRA1,ITA1,ESA1,ITA1,SEA1,MXA1,BRA1,USA2,USA2,USA2,USA2,USA2,USA2,USA2,USA2,USA2,CAA2,CAA2,GBA2,DEA2,DEA2,DEA2,DEA2,GBA2,GBA2,GBA2,DEA2,DEA2,AUA2,AUA2,AUA2,NZA2,JPA2,JPA2,KRA2,KRA2,BRA2,MXA2,MXA2,USA3,USA3,USA3,USA3,USA3,USA3,USA3,MXA3,BRA2,BRA3,USA3,USA3,USA3,USA3,USA3,USA3,USA3,USA5,USA5,USA5,USA5,USA5,GBA5,USA5,USA5,USA5,USA5,CNA5,JPA5,BRA5,USA5,USA5,USA5,USA5,USA5,USA5,USA5,USA5,CAA5,USA5,CNA5,USA5,USA5,USA5,USA5,USA5
CIC_CATEGORY,A,A,A,A,A,A,A,A,A,A,A,A,A,A,A,A,A,A,A,A,A,A,A,A,A,A,A,A,A,A,A,A,A,A,A,A,A,A,A,A,A,A,A,A,A,A,A,A,A,A,A,A,A,A,A,A,A,A,A,A,A,A,A,A,A,A,A,A,A,A,A,A,A,A,A,A,A,A,A,A,A,A,A,A,A,A,A,A,A,A,A,A,A,A,A,A,A,A,A,A,A,A,A,A,A
IN_AUCTION,NO,NO,NO,NO,#N/A N/A,#N/A N/A,NO,NO,NO,NO,#N/A N/A,#N/A N/A,NO,#N/A N/A,#N/A N/A,#N/A N/A,#N/A N/A,NO,NO,NO,NO,NO,NO,NO,NO,NO,NO,NO,NO,NO,NO,NO,NO,NO,NO,NO,NO,NO,NO,NO,NO,NO,NO,NO,NO,NO,NO,NO,#N/A N/A,#N/A N/A,#N/A N/A,#N/A N/A,#N/A N/A,NO,#N/A N/A,#N/A N/A,NO,NO,NO,NO,NO,NO,NO,NO,NO,NO,NO,NO,NO,NO,NO,NO,NO,NO,NO,NO,NO,NO,NO,NO,NO,#N/A N/A,NO,NO,NO,NO,#N/A N/A,#N/A N/A,NO,NO,#N/A N/A,NO,NO,YES,NO,NO,#N/A N/A,#N/A N/A,NO,#N/A N/A,NO,NO,NO,#N/A N/A,NO
EXCH_MARKET_STATUS,ACTV,ACTV,ACTV,ACTV,ACTV,ACTV,ACTV,ACTV,ACTV,ACTV,ACTV,ACTV,ACTV,ACTV,ACTV,ACTV,ACTV,ACTV,ACTV,ACTV,ACTV,ACTV,ACTV,ACTV,ACTV,ACTV,ACTV,ACTV,ACTV,ACTV,ACTV,ACTV,ACTV,ACTV,ACTV,ACTV,ACTV,ACTV,ACTV,ACTV,ACTV,ACTV,ACTV,ACTV,ACTV,ACTV,ACTV,ACTV,ACTV,ACTV,ACTV,ACTV,ACTV,ACTV,ACTV,ACTV,ACTV,ACTV,ACTV,ACTV,ACTV,ACTV,ACTV,ACTV,ACTV,ACTV,ACTV,ACTV,ACTV,ACTV,ACTV,ACTV,ACTV,ACTV,ACTV,ACTV,ACTV,ACTV,ACTV,ACTV,ACTV,ACTV,ACTV,ACTV,ACTV,ACTV,ACTV,ACTV,ACTV,ACTV,ACTV,ACTV,ACTV,ACTV,ACTV,ACTV,ACTV,ACTV,ACTV,ACTV,ACTV,ACTV,ACTV,ACTV,ACTV
FUT_COND_CODE,#N/A Field Not Applicable,#N/A Field Not Applicable,#N/A Field Not Applicable,#N/A Field Not Applicable,#N/A Field Not Applicable,#N/A Field Not Applicable,#N/A Field Not Applicable,#N/A Field Not Applicable,#N/A Field Not Applicable,#N/A Field Not Applicable,#N/A Field Not Applicable,#N/A Field Not Applicable,#N/A Field Not Applicable,#N/A Field Not Applicable,#N/A Field Not Applicable,#N/A Field Not Applicable,#N/A Field Not Applicable,#N/A Field Not Applicable,#N/A Field Not Applicable,#N/A Field Not Applicable,#N/A Field Not Applicable,#N/A Field Not Applicable,#N/A Field Not Applicable,#N/A Field Not Applicable,#N/A Field Not Applicable,#N/A Field Not Applicable,#N/A Field Not Applicable,#N/A Field Not Applicable,s,#N/A Field Not Applicable,#N/A Field Not Applicable,#N/A Field Not Applicable,#N/A Field Not Applicable,#N/A Field Not Applicable,#N/A Field Not Applicable,#N/A Field Not Applicable,#N/A Field Not Applicable,#N/A Field Not Applicable,#N/A Field Not Applicable,#N/A Field Not Applicable,#N/A Field Not Applicable,#N/A Field Not Applicable,#N/A Field Not Applicable,#N/A Field Not Applicable,#N/A Field Not Applicable,#N/A Field Not Applicable,#N/A Field Not Applicable,#N/A Field Not Applicable,#N/A Field Not Applicable,#N/A Field Not Applicable,#N/A Field Not Applicable,#N/A Field Not Applicable,s,#N/A Field Not Applicable,s,s,s,s,s,#N/A Field Not Applicable,#N/A Field Not Applicable,#N/A Field Not Applicable,#N/A Field Not Applicable,#N/A Field Not Applicable,#N/A Field Not Applicable,#N/A Field Not Applicable,#N/A Field Not Applicable,#N/A Field Not Applicable,#N/A Field Not Applicable,#N/A Field Not Applicable,#N/A Field Not Applicable,#N/A Field Not Applicable,#N/A Field Not Applicable,#N/A Field Not Applicable,#N/A Field Not Applicable,#N/A Field Not Applicable,#N/A Field Not Applicable,#N/A Field Not Applicable,#N/A Field Not Applicable,#N/A Field Not Applicable,#N/A Field Not Applicable,#N/A Field Not Applicable,#N/A Field Not Applicable,#N/A Field Not Applicable,#N/A Field Not Applicable,#N/A Field Not Applicable,#N/A Field Not Applicable,#N/A Field Not Applicable,#N/A Field Not Applicable,#N/A Field Not Applicable,#N/A Field Not Applicable,s,s,s,#N/A Field Not Applicable,#N/A Field Not Applicable,#N/A Field Not Applicable,#N/A Field Not Applicable,#N/A Field Not Applicable,#N/A Field Not Applicable,#N/A Field Not Applicable,#N/A Field Not Applicable,#N/A Field Not Applicable,#N/A Field Not Applicable,#N/A Field Not Applicable
EXCH_TRADE_STATUS,Y,Y,Y,Y,Y,Y,Y,Y,Y,Y,#N/A Field Not Applicable,#N/A Field Not Applicable,Y,#N/A Field Not Applicable,#N/A Field Not Applicable,#N/A Field Not Applicable,#N/A Field Not Applicable,Y,Y,Y,Y,N,Y,N,N,Y,Y,Y,Y,Y,Y,Y,Y,Y,Y,Y,Y,Y,Y,Y,Y,Y,Y,Y,Y,Y,Y,Y,#N/A Field Not Applicable,#N/A Field Not Applicable,#N/A Field Not Applicable,#N/A Field Not Applicable,#N/A Field Not Applicable,Y,#N/A Field Not Applicable,#N/A Field Not Applicable,N,N,N,Y,Y,Y,Y,Y,Y,Y,N,N,N,Y,Y,Y,Y,Y,Y,Y,Y,Y,Y,Y,Y,Y,Y,Y,Y,Y,#N/A Field Not Applicable,#N/A Field Not Applicable,N,Y,Y,N,N,N,Y,Y,Y,Y,Y,#N/A Field Not Applicable,Y,Y,Y,Y,Y
QUOTE_STATUS,Y,Y,Y,Y,Y,Y,Y,Y,Y,Y,#N/A Field Not Applicable,#N/A Field Not Applicable,Y,#N/A Field Not Applicable,#N/A Field Not Applicable,#N/A Field Not Applicable,#N/A Field Not Applicable,Y,Y,Y,Y,N,Y,N,N,Y,Y,Y,Y,Y,Y,Y,Y,Y,Y,Y,Y,Y,Y,Y,Y,Y,Y,Y,Y,Y,Y,Y,#N/A Field Not Applicable,#N/A Field Not Applicable,#N/A Field Not Applicable,#N/A Field Not Applicable,#N/A Field Not Applicable,Y,#N/A Field Not Applicable,#N/A Field Not Applicable,Y,N,N,Y,Y,Y,Y,Y,Y,Y,N,Y,Y,Y,Y,Y,Y,Y,Y,Y,Y,Y,Y,Y,Y,Y,Y,Y,Y,Y,#N/A Field Not Applicable,#N/A Field Not Applicable,N,Y,Y,N,N,Y,Y,Y,Y,Y,Y,#N/A Field Not Applicable,Y,Y,Y,Y,Y
RT_EXCH_MARKET_STATUS,ACTV,ACTV,ACTV,ACTV,ACTV,ACTV,ACTV,ACTV,ACTV,ACTV,#N/A N/A,#N/A N/A,ACTV,#N/A N/A,#N/A N/A,#N/A N/A,#N/A N/A,ACTV,ACTV,ACTV,ACTV,ACTV,ACTV,ACTV,ACTV,ACTV,ACTV,ACTV,ACTV,ACTV,ACTV,ACTV,ACTV,ACTV,ACTV,ACTV,ACTV,ACTV,ACTV,ACTV,ACTV,ACTV,ACTV,ACTV,ACTV,ACTV,ACTV,ACTV,#N/A N/A,#N/A N/A,#N/A N/A,#N/A N/A,#N/A N/A,ACTV,#N/A N/A,#N/A N/A,ACTV,ACTV,ACTV,ACTV,ACTV,ACTV,ACTV,ACTV,ACTV,ACTV,ACTV,ACTV,ACTV,ACTV,ACTV,ACTV,ACTV,ACTV,ACTV,ACTV,ACTV,ACTV,ACTV,ACTV,ACTV,ACTV,ACTV,ACTV,ACTV,ACTV,#N/A N/A,#N/A N/A,ACTV,ACTV,ACTV,ACTV,ACTV,ACTV,ACTV,ACTV,ACTV,ACTV,ACTV,#N/A N/A,ACTV,ACTV,ACTV,ACTV,ACTV
RT_EXCH_TRADE_STATUS,TRUE,TRUE,TRUE,TRUE,TRUE,TRUE,TRUE,TRUE,TRUE,TRUE,#N/A N/A,#N/A N/A,TRUE,#N/A N/A,#N/A N/A,#N/A N/A,#N/A N/A,TRUE,TRUE,TRUE,TRUE,FALSE,TRUE,FALSE,FALSE,TRUE,TRUE,TRUE,TRUE,TRUE,TRUE,TRUE,TRUE,TRUE,TRUE,TRUE,TRUE,TRUE,TRUE,TRUE,TRUE,TRUE,TRUE,TRUE,TRUE,TRUE,TRUE,TRUE,#N/A N/A,#N/A N/A,#N/A N/A,#N/A N/A,#N/A N/A,TRUE,#N/A N/A,#N/A N/A,FALSE,FALSE,FALSE,TRUE,TRUE,TRUE,TRUE,TRUE,TRUE,TRUE,FALSE,FALSE,FALSE,TRUE,TRUE,TRUE,TRUE,TRUE,TRUE,TRUE,TRUE,TRUE,TRUE,TRUE,TRUE,TRUE,TRUE,TRUE,TRUE,TRUE,#N/A N/A,#N/A N/A,TRUE,TRUE,TRUE,TRUE,TRUE,FALSE,TRUE,TRUE,TRUE,TRUE,TRUE,#N/A N/A,TRUE,TRUE,TRUE,TRUE,TRUE
RT_QUOTE_STATUS,TRUE,TRUE,TRUE,TRUE,TRUE,TRUE,TRUE,TRUE,TRUE,TRUE,#N/A N/A,#N/A N/A,TRUE,#N/A N/A,#N/A N/A,#N/A N/A,#N/A N/A,TRUE,TRUE,TRUE,TRUE,FALSE,TRUE,FALSE,FALSE,TRUE,TRUE,TRUE,TRUE,TRUE,TRUE,TRUE,TRUE,TRUE,TRUE,TRUE,TRUE,TRUE,TRUE,TRUE,TRUE,TRUE,TRUE,TRUE,TRUE,TRUE,TRUE,TRUE,#N/A N/A,#N/A N/A,#N/A N/A,#N/A N/A,#N/A N/A,TRUE,#N/A N/A,#N/A N/A,TRUE,FALSE,FALSE,TRUE,TRUE,TRUE,TRUE,TRUE,TRUE,TRUE,FALSE,TRUE,TRUE,TRUE,TRUE,TRUE,TRUE,TRUE,TRUE,TRUE,TRUE,TRUE,TRUE,TRUE,TRUE,TRUE,TRUE,TRUE,TRUE,TRUE,#N/A N/A,#N/A N/A,TRUE,TRUE,TRUE,TRUE,TRUE,TRUE,TRUE,TRUE,TRUE,TRUE,TRUE,#N/A N/A,TRUE,TRUE,TRUE,TRUE,TRUE
RT_SIMP_SEC_STATUS,TRAD,TRAD,TRAD,TRAD,TRAD,TRAD,TRAD,TRAD,TRAD,TRAD,#N/A N/A,#N/A N/A,TRAD,#N/A N/A,#N/A N/A,#N/A N/A,#N/A N/A,TRAD,TRAD,TRAD,TRAD,CLOS,TRAD,CLOS,CLOS,TRAD,TRAD,TRAD,TRAD,TRAD,TRAD,TRAD,TRAD,TRAD,TRAD,TRAD,TRAD,TRAD,TRAD,TRAD,TRAD,TRAD,TRAD,TRAD,TRAD,TRAD,TRAD,TRAD,#N/A N/A,#N/A N/A,#N/A N/A,#N/A N/A,#N/A N/A,TRAD,#N/A N/A,#N/A N/A,NOTR,CLOS,CLOS,TRAD,TRAD,TRAD,TRAD,TRAD,TRAD,TRAD,CLOS,NOTR,NOTR,TRAD,TRAD,TRAD,TRAD,TRAD,TRAD,TRAD,TRAD,TRAD,TRAD,TRAD,TRAD,TRAD,TRAD,TRAD,TRAD,TRAD,#N/A N/A,#N/A N/A,TRAD,TRAD,TRAD,TRAD,TRAD,AUCT,TRAD,TRAD,TRAD,TRAD,TRAD,#N/A N/A,TRAD,TRAD,TRAD,TRAD,TRAD
MKTDATA_EVENT_TYPE,SUMMARY,SUMMARY,SUMMARY,SUMMARY,SUMMARY,SUMMARY,SUMMARY,SUMMARY,SUMMARY,SUMMARY,SUMMARY,SUMMARY,SUMMARY,SUMMARY,SUMMARY,SUMMARY,SUMMARY,SUMMARY,SUMMARY,SUMMARY,SUMMARY,SUMMARY,SUMMARY,SUMMARY,SUMMARY,SUMMARY,SUMMARY,SUMMARY,SUMMARY,SUMMARY,SUMMARY,SUMMARY,SUMMARY,SUMMARY,SUMMARY,SUMMARY,SUMMARY,SUMMARY,SUMMARY,SUMMARY,SUMMARY,SUMMARY,SUMMARY,SUMMARY,SUMMARY,SUMMARY,SUMMARY,SUMMARY,SUMMARY,SUMMARY,SUMMARY,SUMMARY,SUMMARY,SUMMARY,SUMMARY,SUMMARY,SUMMARY,SUMMARY,SUMMARY,SUMMARY,SUMMARY,SUMMARY,SUMMARY,SUMMARY,SUMMARY,SUMMARY,SUMMARY,SUMMARY,SUMMARY,SUMMARY,SUMMARY,SUMMARY,SUMMARY,SUMMARY,SUMMARY,SUMMARY,SUMMARY,SUMMARY,SUMMARY,SUMMARY,SUMMARY,SUMMARY,SUMMARY,SUMMARY,SUMMARY,SUMMARY,SUMMARY,SUMMARY,SUMMARY,SUMMARY,SUMMARY,SUMMARY,SUMMARY,SUMMARY,SUMMARY,SUMMARY,SUMMARY,SUMMARY,SUMMARY,SUMMARY,SUMMARY,SUMMARY,SUMMARY,SUMMARY,SUMMARY
MKTDATA_EVENT_SUBTYPE,INTERVAL,INTERVAL,INTERVAL,INTERVAL,INTERVAL,INTERVAL,INTERVAL,INTERVAL,INTERVAL,INTERVAL,INTERVAL,INTERVAL,INTERVAL,INTERVAL,INTERVAL,INTERVAL,INTERVAL,INTERVAL,INTERVAL,INTERVAL,INTERVAL,INTERVAL,INTERVAL,INTERVAL,INTERVAL,INTERVAL,INTERVAL,INTERVAL,INTERVAL,INTERVAL,INTERVAL,INTERVAL,INTERVAL,INTERVAL,INTERVAL,INTERVAL,INTERVAL,INTERVAL,INTERVAL,INITPAINT,INTERVAL,INTERVAL,INTERVAL,INTERVAL,INTERVAL,INTERVAL,INTERVAL,INTERVAL,INTERVAL,INTERVAL,INTERVAL,INTERVAL,INTERVAL,INTERVAL,INTERVAL,INTERVAL,INTERVAL,INTERVAL,INTERVAL,INTERVAL,INTERVAL,INTERVAL,INTERVAL,INITPAINT,INTERVAL,INTERVAL,INTERVAL,INTERVAL,INTERVAL,INTERVAL,INTERVAL,INTERVAL,INTERVAL,INTERVAL,INTERVAL,INTERVAL,INTERVAL,INTERVAL,INTERVAL,INTERVAL,INTERVAL,INTERVAL,INTERVAL,INTERVAL,INTERVAL,INTERVAL,INTERVAL,INTERVAL,INTERVAL,INTERVAL,INTERVAL,INTERVAL,INTERVAL,INTERVAL,INTERVAL,INTERVAL,INITPAINT,INITPAINT,INTERVAL,INTERVAL,INTERVAL,INTERVAL,INTERVAL,INTERVAL,INTERVAL
TIME_AUCTION_CALL_CONCLUSION_RT,22:59:30,#N/A N/A,22:59:30,22:59:30,#N/A N/A,#N/A N/A,14:30:00,08:30:00,08:30:00,#N/A N/A,#N/A N/A,#N/A N/A,07:35:00,#N/A N/A,#N/A N/A,#N/A N/A,#N/A N/A,07:00:00,01:00:00,07:00:00,07:00:00,08:00:59,08:00:01,08:00:59,16:27:32,#N/A N/A,13:02:12,22:59:30,22:59:30,22:59:30,22:59:30,22:59:30,22:59:30,22:59:30,22:59:30,22:59:30,11:00:02,10:59:48,01:00:00,07:01:00,07:01:00,07:01:00,07:01:00,07:30:00,08:00:00,07:30:00,07:01:00,07:01:00,#N/A N/A,#N/A N/A,#N/A N/A,#N/A N/A,#N/A N/A,07:30:00,#N/A N/A,#N/A N/A,#N/A N/A,#N/A N/A,#N/A N/A,22:59:30,22:59:30,22:59:30,22:59:30,22:59:30,22:59:30,22:59:30,#N/A N/A,#N/A N/A,#N/A N/A,22:59:30,22:59:30,22:59:30,22:59:30,22:59:30,#N/A N/A,22:59:30,22:59:30,22:59:30,22:59:30,22:59:30,22:59:30,#N/A N/A,22:59:30,22:59:30,22:59:30,22:59:30,#N/A N/A,#N/A N/A,13:00:00,14:29:30,#N/A N/A,14:29:30,14:29:30,#N/A N/A,14:29:30,22:59:30,#N/A N/A,#N/A N/A,14:29:30,#N/A N/A,14:29:30,14:29:30,14:29:30,#N/A N/A,14:29:30
TIME_AUCTION_CALL_CONCLUSION,22:59:30,#N/A N/A,22:59:30,22:59:30,#N/A N/A,#N/A N/A,14:30:00,08:30:00,08:30:00,#N/A N/A,#N/A N/A,#N/A N/A,07:35:00,#N/A N/A,#N/A N/A,#N/A N/A,#N/A N/A,07:00:00,01:00:00,07:00:00,07:00:00,08:00:59,08:00:01,08:00:59,16:27:32,#N/A N/A,13:02:12,22:59:30,22:59:30,22:59:30,22:59:30,22:59:30,22:59:30,22:59:30,22:59:30,22:59:30,11:00:02,10:59:48,01:00:00,07:01:00,07:01:00,07:01:00,07:01:00,07:30:00,08:00:00,07:30:00,07:01:00,07:01:00,#N/A N/A,#N/A N/A,#N/A N/A,#N/A N/A,#N/A N/A,07:30:00,#N/A N/A,#N/A N/A,#N/A N/A,#N/A N/A,#N/A N/A,22:59:30,22:59:30,22:59:30,22:59:30,22:59:30,22:59:30,22:59:30,#N/A N/A,#N/A N/A,#N/A N/A,22:59:30,22:59:30,22:59:30,22:59:30,22:59:30,#N/A N/A,22:59:30,22:59:30,22:59:30,22:59:30,22:59:30,22:59:30,#N/A N/A,22:59:30,22:59:30,22:59:30,22:59:30,#N/A N/A,#N/A N/A,19:34:01,00:59:30,#N/A N/A,#N/A N/A,#N/A N/A,#N/A N/A,00:59:30,22:59:30,#N/A N/A,#N/A N/A,00:59:30,#N/A N/A,14:29:30,14:29:30,14:29:30,#N/A N/A,14:29:30
AUCTION_TYPE_REALTIME,OPEN,OPEN,OPEN,OPEN,#N/A N/A,#N/A N/A,OPEN,OPEN,OPEN,OPEN,#N/A N/A,#N/A N/A,UNDF,#N/A N/A,#N/A N/A,#N/A N/A,#N/A N/A,OPEN,OPEN,OPEN,UNDF,OPEN,OPEN,OPEN,CLOS,#N/A N/A,OPEN,OPEN,OPEN,OPEN,OPEN,OPEN,OPEN,OPEN,OPEN,OPEN,OPEN,OPEN,OPEN,OPEN,OPEN,OPEN,OPEN,OPEN,OPEN,OPEN,OPEN,OPEN,#N/A N/A,#N/A N/A,#N/A N/A,#N/A N/A,#N/A N/A,OPEN,#N/A N/A,#N/A N/A,UNDF,UNDF,#N/A N/A,OPEN,OPEN,OPEN,OPEN,OPEN,OPEN,OPEN,UNDF,OPEN,OPEN,OPEN,OPEN,OPEN,OPEN,OPEN,OPEN,OPEN,OPEN,OPEN,OPEN,OPEN,OPEN,#N/A N/A,OPEN,OPEN,OPEN,OPEN,#N/A N/A,#N/A N/A,OPEN,OPEN,#N/A N/A,OPEN,OPEN,OPEN,OPEN,OPEN,#N/A N/A,#N/A N/A,OPEN,#N/A N/A,OPEN,OPEN,OPEN,#N/A N/A,OPEN
AUCTION_TYPE,OPEN,OPEN,OPEN,OPEN,#N/A N/A,#N/A N/A,OPEN,OPEN,OPEN,OPEN,#N/A N/A,#N/A N/A,UNDF,#N/A N/A,#N/A N/A,#N/A N/A,#N/A N/A,OPEN,OPEN,OPEN,UNDF,OPEN,OPEN,OPEN,CLOS, 29/64,OPEN,OPEN,OPEN,OPEN,OPEN,OPEN,OPEN,OPEN,OPEN,OPEN,OPEN,OPEN,OPEN,OPEN,OPEN,OPEN,OPEN,OPEN,OPEN,OPEN,OPEN,OPEN,#N/A N/A,#N/A N/A,#N/A N/A,#N/A N/A,#N/A N/A,OPEN,#N/A N/A,#N/A N/A,UNDF,UNDF,#N/A N/A,OPEN,OPEN,OPEN,OPEN,OPEN,OPEN,OPEN,UNDF,OPEN,OPEN,OPEN,OPEN,OPEN,OPEN,OPEN,OPEN,OPEN,OPEN,OPEN,OPEN,OPEN,OPEN,#N/A N/A,OPEN,OPEN,OPEN,OPEN,#N/A N/A,#N/A N/A,UNDF,OPEN,#N/A N/A,CLOS,CLOS,OPEN,OPEN,OPEN,#N/A N/A,#N/A N/A,OPEN,#N/A N/A,OPEN,OPEN,OPEN,#N/A N/A,OPEN
TRADING_HALT_REASON_TYPE_RT,NONE,NONE,NONE,NONE,NONE,NONE,NONE,NONE,NONE,NONE,#N/A N/A,#N/A N/A,#N/A N/A,#N/A N/A,#N/A N/A,#N/A N/A,#N/A N/A,NONE,NONE,NONE,NONE,NONE,NONE,NONE,NONE,NONE,UNDF,NONE,NONE,NONE,NONE,NONE,NONE,NONE,NONE,NONE,NONE,NONE,NONE,NONE,NONE,NONE,NONE,NONE,NONE,NONE,NONE,NONE,#N/A N/A,#N/A N/A,#N/A N/A,#N/A N/A,#N/A N/A,NONE,#N/A N/A,#N/A N/A,UNDF,NONE,NONE,NONE,NONE,NONE,NONE,NONE,NONE,NONE,NONE,UNDF,UNDF,NONE,NONE,NONE,NONE,NONE,NONE,NONE,NONE,NONE,NONE,NONE,NONE,NONE,NONE,NONE,NONE,NONE,#N/A N/A,#N/A N/A,UNDF,NONE,NONE,NONE,NONE,NONE,NONE,NONE,NONE,NONE,NONE,#N/A N/A,NONE,NONE,NONE,NONE,NONE
TRADING_HALT_REASON_TYPE,NONE,NONE,NONE,NONE,NONE,NONE,NONE,NONE,NONE,NONE,#N/A N/A,#N/A N/A,#N/A N/A,#N/A N/A,#N/A N/A,#N/A N/A,#N/A N/A,NONE,NONE,NONE,NONE,NONE,NONE,NONE,NONE,NONE,UNDF,NONE,NONE,NONE,NONE,NONE,NONE,NONE,NONE,NONE,NONE,NONE,NONE,NONE,NONE,NONE,NONE,NONE,NONE,NONE,NONE,NONE,#N/A N/A,#N/A N/A,#N/A N/A,#N/A N/A,#N/A N/A,NONE,#N/A N/A,#N/A N/A,UNDF,NONE,NONE,NONE,NONE,NONE,NONE,NONE,NONE,NONE,NONE,UNDF,UNDF,NONE,NONE,NONE,NONE,NONE,NONE,NONE,NONE,NONE,NONE,NONE,NONE,NONE,NONE,NONE,NONE,NONE,#N/A N/A,#N/A N/A,UNDF,NONE,NONE,NONE,NONE,NONE,NONE,NONE,NONE,NONE,NONE,#N/A N/A,NONE,NONE,NONE,NONE,NONE
FUT_TICK_SIZE,1,0.1,0.25,0.25,0.1,0.1,0.1,10,5,5,1,1,0.1,1,1,1,1,1,0.5,0.5,0.5,5,1,5,0.25,5,5,0.0025,0.0025,0.005,0.0078125,0.0078125,0.015625,0.015625,0.03125,0.03125,0.005,0.01,0.005,0.005,0.01,0.01,0.02,0.01,0.01,0.01,0.01,0.01,0.01,0.01,0.005,0.01,0.005,0.01,0.01,0.01,0.005,0.01,0.01,0.00005,0.005,0.01,0.01,0.001,0.01,0.01,0.0001,0.01,0.5,0.01,0.001,0.001,0.0025,0.01,0.00005,0.0001,0.1,0.05,0.05,0.1,0.005,0.25,0.01,0.01,0.001,0.01,0.5,10,0.05,0.25,0.01,0.025,0.025,0.1,0.25,0.01,0.05,0.1,0.005,5,0.25,0.1,0.01,0.01,0.25
TRADING_PERIOD,TRAD,TRAD,TRAD,TRAD,OPEN,OPEN,TRAD,NTRD,NTRD,TRAD,#N/A Field Not Applicable,#N/A Field Not Applicable,OPEN,#N/A Field Not Applicable,#N/A Field Not Applicable,#N/A Field Not Applicable,#N/A Field Not Applicable,CONT,OPEN,CONT,OPEN,ECNS,TRAD,ECNS,MCLS,OPEN,TRAD,TRAD,TRAD,TRAD,TRAD,TRAD,TRAD,TRAD,TRAD,TRAD,TRAD,TRAD,OPEN,CONT,CONT,CONT,CONT,OPEN,OPEN,OPEN,CONT,CONT,#N/A Field Not Applicable,#N/A Field Not Applicable,#N/A Field Not Applicable,#N/A Field Not Applicable,#N/A Field Not Applicable,NTRD,#N/A Field Not Applicable,#N/A Field Not Applicable,NOTR,CLOS,CLOS,TRAD,TRAD,TRAD,TRAD,TRAD,TRAD,TRAD,CLOS,NOTR,NOTR,TRAD,TRAD,TRAD,TRAD,TRAD,TRAD,TRAD,TRAD,TRAD,TRAD,TRAD,TRAD,OPEN,TRAD,TRAD,TRAD,TRAD,#N/A Field Not Applicable,#N/A Field Not Applicable,CEOD,TRAD,OPEN,CLOS,CLOS,PREO,TRAD,TRAD,OPEN,OPEN,TRAD,#N/A Field Not Applicable,TRAD,TRAD,TRAD,OPEN,TRAD
CURRENT_FIN_DAY,14/07/2016,08/07/2016,08/07/2016,14/07/2016,14/07/2016,14/07/2016,14/07/2016,15/07/2016,15/07/2016,14/07/2016,15/07/2016,15/07/2016,15/07/2016,15/07/2016,15/07/2016,15/07/2016,15/07/2016,14/07/2016,14/07/2016,14/07/2016,14/07/2016,14/07/2016,14/07/2016,14/07/2016,14/07/2016,14/07/2016,14/07/2016,08/07/2016,07/07/2016,08/07/2016,08/07/2016,08/07/2016,08/07/2016,08/07/2016,08/07/2016,08/07/2016,08/07/2016,08/07/2016,08/07/2016,08/07/2016,08/07/2016,08/07/2016,08/07/2016,08/07/2016,08/07/2016,08/07/2016,08/07/2016,08/07/2016,11/07/2016,11/07/2016,11/07/2016,11/07/2016,14/07/2016,11/07/2016,08/07/2016,08/07/2016,07/07/2016,07/07/2016,07/07/2016,08/07/2016,08/07/2016,08/07/2016,08/07/2016,08/07/2016,08/07/2016,08/07/2016,07/07/2016,07/07/2016,07/07/2016,14/07/2016,14/07/2016,14/07/2016,14/07/2016,14/07/2016,14/07/2016,14/07/2016,14/07/2016,14/07/2016,14/07/2016,14/07/2016,14/07/2016,14/07/2016,14/07/2016,14/07/2016,14/07/2016,14/07/2016,15/07/2016,18/07/2016,15/07/2016,15/07/2016,15/07/2016,14/07/2016,14/07/2016,14/07/2016,15/07/2016,15/07/2016,15/07/2016,15/07/2016,15/07/2016,18/07/2016,15/07/2016,15/07/2016,15/07/2016,15/07/2016,15/07/2016
PX_SCALING_FACTOR,1,1,1,1,1,1,1,1,1,1,1,1,1,1,1,1,1,1,1,1,1,1,1,1,1,1,1,1,1,1,1,1,1,1,1,1,1,1,1,1,1,1,1,1,1,1,1,1,1,1,1,1,1,1,1,1,1,1,1,1,10000,100,100,100,100,100,1,1,1,100,100,100,100,1,1,1,1,100,1,1,1,1,1,100,1,100,1,1,1,1,1,1,1,1,1,1,1,1,1,1,1,1,1,1,1
RT_TIME_OF_TRADE,16:06:23,11:56:00,12:11:39,16:06:22,16:04:35,16:06:23,#N/A N/A,#N/A N/A,#N/A N/A,16:14:42,16:14:31,17:19:20,#N/A N/A,#N/A N/A,#N/A N/A,#N/A N/A,#N/A N/A,17:22:07,17:27:08,17:22:17,17:21:53,#N/A N/A,17:22:05,#N/A N/A,#N/A N/A,#N/A N/A,#N/A N/A,10:31:10,13:12:37,12:11:26,12:05:27,12:11:41,12:11:26,13:18:29,12:11:26,13:21:08,#N/A N/A,#N/A N/A,13:28:02,13:23:15,13:23:22,13:23:10,13:23:33,13:22:22,13:22:23,13:30:11,13:34:45,13:34:46,13:36:29,13:41:46,13:41:40,06:56:43,#N/A N/A,#N/A N/A,#N/A N/A,#N/A N/A,#N/A N/A,#N/A N/A,#N/A N/A,12:11:42,12:11:37,12:11:14,12:11:41,12:08:30,12:10:50,12:11:32,#N/A N/A,#N/A N/A,#N/A N/A,15:39:58,15:36:16,15:33:49,15:11:37,15:38:27,15:36:54,15:39:41,17:19:09,16:45:21,17:19:13,17:19:07,17:19:08,15:19:04,15:19:04,15:19:04,15:19:04,15:18:59,#N/A N/A,#N/A N/A,#N/A N/A,14:41:37,14:44:54,14:44:56,14:44:54,21:47:02,14:44:33,13:48:45,14:45:50,14:49:55,14:41:14,#N/A N/A,14:41:35,14:41:33,14:41:34,14:41:35,14:41:35
TRADING_DT_REALTIME,14/07/2016,08/07/2016,08/07/2016,14/07/2016,14/07/2016,14/07/2016,14/07/2016,15/07/2016,15/07/2016,14/07/2016,15/07/2016,15/07/2016,15/07/2016,15/07/2016,15/07/2016,15/07/2016,15/07/2016,14/07/2016,14/07/2016,14/07/2016,14/07/2016,14/07/2016,14/07/2016,14/07/2016,14/07/2016,14/07/2016,14/07/2016,08/07/2016,08/07/2016,08/07/2016,08/07/2016,08/07/2016,08/07/2016,08/07/2016,08/07/2016,08/07/2016,08/07/2016,08/07/2016,08/07/2016,08/07/2016,08/07/2016,08/07/2016,08/07/2016,08/07/2016,08/07/2016,08/07/2016,08/07/2016,08/07/2016,11/07/2016,11/07/2016,11/07/2016,11/07/2016,14/07/2016,11/07/2016,08/07/2016,08/07/2016,08/07/2016,08/07/2016,08/07/2016,08/07/2016,08/07/2016,08/07/2016,08/07/2016,08/07/2016,08/07/2016,08/07/2016,08/07/2016,08/07/2016,08/07/2016,14/07/2016,14/07/2016,14/07/2016,14/07/2016,14/07/2016,14/07/2016,14/07/2016,14/07/2016,14/07/2016,14/07/2016,14/07/2016,14/07/2016,14/07/2016,14/07/2016,14/07/2016,14/07/2016,14/07/2016,15/07/2016,18/07/2016,15/07/2016,15/07/2016,15/07/2016,15/07/2016,15/07/2016,15/07/2016,15/07/2016,15/07/2016,15/07/2016,15/07/2016,15/07/2016,18/07/2016,15/07/2016,15/07/2016,15/07/2016,15/07/2016,15/07/2016
RT_API_REF_DATA_MACHINE,refpubx1@epslnjpmddap04,refpubx1@epslnypmddap01,refpubx1@epslnypmddap03,refpubx1@epslnypmddap03,refpubx1@epslnjpmddap04,refpubx1@epslnypmddap01,refpubx1@epslnypmddap02,refpubx2@epslnypmddap04,refpubx1@epslnypmddap01,refpubx2@epslnypmddap01,refpubx1@epslnjpmddap01,refpubx1@epslnjpmddap01,refpubx1@epslnypmddap04,refpubx2@epslnypmddap01,refpubx2@epslnypmddap01,refpubx2@epslnypmddap02,refpubx2@epslnjpmddap04,refpubx2@epslnypmddap01,refpubx1@epslnypmddap02,refpubx1@epslnjpmddap02,refpubx2@epslnypmddap02,refpubx2@epslnypmddap03,refpubx1@epslnypmddap03,refpubx2@epslnypmddap03,refpubx2@epslnjpmddap03,refpubx1@epslnjpmddap01,refpubx2@epslnjpmddap01,refpubx1@epslnjpmddap01,refpubx2@epslnypmddap03,refpubx1@epslnypmddap02,refpubx1@epslnjpmddap04,refpubx2@epslnypmddap02,refpubx1@epslnypmddap02,refpubx2@epslnjpmddap03,refpubx1@epslnypmddap04,refpubx2@epslnjpmddap03,refpubx1@epslnypmddap02,refpubx1@epslnjpmddap04,refpubx1@epslnypmddap01,refpubx2@epslnjpmddap04,refpubx1@epslnypmddap02,refpubx2@epslnjpmddap04,refpubx1@epslnypmddap03,refpubx1@epslnjpmddap03,refpubx1@epslnypmddap04,refpubx1@epslnypmddap04,refpubx2@epslnypmddap02,refpubx2@epslnypmddap02,refpubx2@epslnypmddap04,refpubx1@epslnjpmddap01,refpubx2@epslnjpmddap02,refpubx2@epslnypmddap01,refpubx1@epslnypmddap04,refpubx2@epslnypmddap02,refpubx2@epslnypmddap02,refpubx2@epslnypmddap04,refpubx1@epslnypmddap04,refpubx2@epslnypmddap02,refpubx1@epslnypmddap02,refpubx1@epslnjpmddap01,refpubx1@epslnjpmddap01,refpubx2@epslnypmddap03,refpubx1@epslnypmddap03,refpubx1@epslnjpmddap03,refpubx2@epslnypmddap04,refpubx2@epslnypmddap02,refpubx1@epslnypmddap04,refpubx1@epslnypmddap02,refpubx1@epslnypmddap03,refpubx2@epslnypmddap04,refpubx2@epslnypmddap04,refpubx2@epslnypmddap04,refpubx2@epslnypmddap01,refpubx1@epslnypmddap02,refpubx1@epslnjpmddap04,refpubx2@epslnjpmddap04,refpubx2@epslnypmddap04,refpubx2@epslnypmddap01,refpubx1@epslnypmddap03,refpubx1@epslnypmddap04,refpubx2@epslnjpmddap02,refpubx1@epslnypmddap02,refpubx1@epslnypmddap04,refpubx1@epslnypmddap04,refpubx1@epslnypmddap01,refpubx1@epslnypmddap04,refpubx1@epslnypmddap01,refpubx2@epslnypmddap02,refpubx2@epslnjpmddap02,refpubx1@epslnypmddap02,refpubx2@epslnypmddap01,refpubx2@epslnypmddap02,refpubx2@epslnjpmddap04,refpubx1@epslnypmddap01,refpubx1@epslnypmddap01,refpubx1@epslnypmddap03,refpubx2@epslnypmddap02,refpubx2@epslnypmddap04,refpubx1@epslnypmddap04,refpubx1@epslnypmddap03,refpubx1@epslnypmddap04,refpubx1@epslnypmddap01,refpubx2@epslnjpmddap02,refpubx2@epslnjpmddap02,refpubx2@epslnypmddap04
